[
    {
        "pk": 113, 
        "model": "auth.group", 
        "fields": {
            "name": "Admins", 
            "permissions": []
        }
    }, 
    {
        "pk": 49, 
        "model": "auth.group", 
        "fields": {
            "name": "Services Providers", 
            "permissions": []
        }
    }, 
    {
        "pk": 104, 
        "model": "auth.group", 
        "fields": {
            "name": "Teachers", 
            "permissions": []
        }
    }, 
    {
        "pk": 105, 
        "model": "auth.group", 
        "fields": {
            "name": "Head Teachers", 
            "permissions": []
        }
    }, 
    {
        "pk": 106, 
        "model": "auth.group", 
        "fields": {
            "name": "SMC", 
            "permissions": []
        }
    }, 
    {
        "pk": 107, 
        "model": "auth.group", 
        "fields": {
            "name": "GEM", 
            "permissions": []
        }
    }, 
    {
        "pk": 108, 
        "model": "auth.group", 
        "fields": {
            "name": "CCT", 
            "permissions": []
        }
    }, 
    {
        "pk": 109, 
        "model": "auth.group", 
        "fields": {
            "name": "DEO", 
            "permissions": []
        }
    }, 
    {
        "pk": 110, 
        "model": "auth.group", 
        "fields": {
            "name": "District Officials", 
            "permissions": []
        }
    }, 
    {
        "pk": 111, 
        "model": "auth.group", 
        "fields": {
            "name": "Other Reporters", 
            "permissions": []
        }
    }, 
    {
        "pk": 112, 
        "model": "auth.group", 
        "fields": {
            "name": "DFO", 
            "permissions": []
        }
    }, 
    {
        "pk": 114, 
        "model": "auth.group", 
        "fields": {
            "name": "Ministry Officials", 
            "permissions": []
        }
    }, 
    {
        "pk": 115, 
        "model": "auth.group", 
        "fields": {
            "name": "UNICEF Officials", 
            "permissions": []
        }
    }, 
    {
        "pk": 335, 
        "model": "poll.poll", 
        "fields": {
            "default_response": "", 
            "name": "edtrac_role", 
            "end_date": null, 
            "contacts": [], 
            "messages": [], 
            "question": "Thank you for participating in EdTrac. What is your role? Choose ONE: Teacher, Head Teacher, SMC, GEM", 
            "sites": [
                5
            ], 
            "user": 1, 
            "type": "t", 
            "start_date": null, 
            "response_type": "a"
        }
    }, 
    {
        "pk": 336, 
        "model": "poll.poll", 
        "fields": {
            "default_response": "", 
            "name": "edtrac_gender", 
            "end_date": null, 
            "contacts": [], 
            "messages": [], 
            "question": "Are you female or male?", 
            "sites": [
                5
            ], 
            "user": 1, 
            "type": "t", 
            "start_date": null, 
            "response_type": "a"
        }
    }, 
    {
        "pk": 337, 
        "model": "poll.poll", 
        "fields": {
            "default_response": "", 
            "name": "edtrac_class", 
            "end_date": null, 
            "contacts": [], 
            "messages": [], 
            "question": "Which class do you teach? P3 or P6", 
            "sites": [
                5
            ], 
            "user": 1, 
            "type": "t", 
            "start_date": null, 
            "response_type": "a"
        }
    }, 
    {
        "pk": 338, 
        "model": "poll.poll", 
        "fields": {
            "default_response": "", 
            "name": "edtrac_district", 
            "end_date": null, 
            "contacts": [], 
            "messages": [], 
            "question": "What is the name of your district?", 
            "sites": [
                5
            ], 
            "user": 1, 
            "type": "l", 
            "start_date": null, 
            "response_type": "a"
        }
    }, 
    {
        "pk": 339, 
        "model": "poll.poll", 
        "fields": {
            "default_response": "", 
            "name": "edtrac_subcounty", 
            "end_date": null, 
            "contacts": [], 
            "messages": [], 
            "question": "What is the name of your sub county?", 
            "sites": [
                5
            ], 
            "user": 1, 
            "type": "t", 
            "start_date": null, 
            "response_type": "a"
        }
    }, 
    {
        "pk": 340, 
        "model": "poll.poll", 
        "fields": {
            "default_response": "", 
            "name": "edtrac_school", 
            "end_date": null, 
            "contacts": [], 
            "messages": [], 
            "question": "What is the name of your school?", 
            "sites": [
                5
            ], 
            "user": 1, 
            "type": "t", 
            "start_date": null, 
            "response_type": "a"
        }
    }, 
    {
        "pk": 341, 
        "model": "poll.poll", 
        "fields": {
            "default_response": "", 
            "name": "edtrac_name", 
            "end_date": null, 
            "contacts": [], 
            "messages": [], 
            "question": "What is your name?", 
            "sites": [
                5
            ], 
            "user": 1, 
            "type": "t", 
            "start_date": null, 
            "response_type": "a"
        }
    }, 
    {
        "pk": 342, 
        "model": "poll.poll", 
        "fields": {
            "default_response": "", 
            "name": "edtrac_f_teachers_attendance", 
            "end_date": null, 
            "contacts": [], 
            "messages": [], 
            "question": "How many female teachers are at school today?", 
            "sites": [
                5
            ], 
            "user": 1, 
            "type": "n", 
            "start_date": null, 
            "response_type": "a"
        }
    }, 
    {
        "pk": 343, 
        "model": "poll.poll", 
        "fields": {
            "default_response": "", 
            "name": "edtrac_m_teachers_attendance", 
            "end_date": null, 
            "contacts": [], 
            "messages": [], 
            "question": "How many male teachers are at school today?", 
            "sites": [
                5
            ], 
            "user": 1, 
            "type": "n", 
            "start_date": null, 
            "response_type": "a"
        }
    }, 
    {
        "pk": 344, 
        "model": "poll.poll", 
        "fields": {
            "default_response": "", 
            "name": "edtrac_smc_upe_grant", 
            "end_date": null, 
            "contacts": [], 
            "messages": [], 
            "question": "Has UPE capitation grant been displayed on the school notice board? Answer YES or NO", 
            "sites": [
                5
            ], 
            "user": 1, 
            "type": "t", 
            "start_date": null, 
            "response_type": "a"
        }
    }, 
    {
        "pk": 345, 
        "model": "poll.poll", 
        "fields": {
            "default_response": "", 
            "name": "edtrac_smc_meetings", 
            "end_date": null, 
            "contacts": [], 
            "messages": [], 
            "question": "How many SMC meetings have you held this term? Give number of meetings held, if none, reploy 0.", 
            "sites": [
                5
            ], 
            "user": 1, 
            "type": "n", 
            "start_date": null, 
            "response_type": "a"
        }
    }, 
    {
        "pk": 346, 
        "model": "poll.poll", 
        "fields": {
            "default_response": "", 
            "name": "edtrac_p3curriculum_progress", 
            "end_date": null, 
            "contacts": [], 
            "messages": [], 
            "question": "What sub theme number of the P3 Literacy curriculum are you teaching this week? ", 
            "sites": [
                5
            ], 
            "user": 1, 
            "type": "t", 
            "start_date": null, 
            "response_type": "a"
        }
    }, 
    {
        "pk": 347, 
        "model": "poll.poll", 
        "fields": {
            "default_response": "", 
            "name": "edtrac_boysp3_attendance", 
            "end_date": null, 
            "contacts": [], 
            "messages": [], 
            "question": "How many P3 boys are at school today?", 
            "sites": [
                5
            ], 
            "user": 1, 
            "type": "n", 
            "start_date": null, 
            "response_type": "a"
        }
    }, 
    {
        "pk": 348, 
        "model": "poll.poll", 
        "fields": {
            "default_response": "", 
            "name": "edtrac_boysp6_attendance", 
            "end_date": null, 
            "contacts": [], 
            "messages": [], 
            "question": "How many P6 boys are at school today?", 
            "sites": [
                5
            ], 
            "user": 1, 
            "type": "n", 
            "start_date": null, 
            "response_type": "a"
        }
    }, 
    {
        "pk": 349, 
        "model": "poll.poll", 
        "fields": {
            "default_response": "", 
            "name": "edtrac_girlsp3_attendance", 
            "end_date": null, 
            "contacts": [], 
            "messages": [], 
            "question": "How many P3 girls are at school today?", 
            "sites": [
                5
            ], 
            "user": 1, 
            "type": "n", 
            "start_date": null, 
            "response_type": "a"
        }
    }, 
    {
        "pk": 350, 
        "model": "poll.poll", 
        "fields": {
            "default_response": "", 
            "name": "edtrac_girlsp6_attendance", 
            "end_date": null, 
            "contacts": [], 
            "messages": [], 
            "question": "How many P6 girls are at school today?", 
            "sites": [
                5
            ], 
            "user": 1, 
            "type": "n", 
            "start_date": null, 
            "response_type": "a"
        }
    }, 
    {
        "pk": 352, 
        "model": "poll.poll", 
        "fields": {
            "default_response": "", 
            "name": "edtrac_boysp3_enrollment", 
            "end_date": null, 
            "contacts": [], 
            "messages": [], 
            "question": "How many boys are enrolled in P3 this term?", 
            "sites": [
                5
            ], 
            "user": 1, 
            "type": "n", 
            "start_date": null, 
            "response_type": "a"
        }
    }, 
    {
        "pk": 353, 
        "model": "poll.poll", 
        "fields": {
            "default_response": "", 
            "name": "edtrac_boysp6_enrollment", 
            "end_date": null, 
            "contacts": [], 
            "messages": [], 
            "question": "How many boys are enrolled in P6 this term?", 
            "sites": [
                5
            ], 
            "user": 1, 
            "type": "n", 
            "start_date": null, 
            "response_type": "a"
        }
    }, 
    {
        "pk": 354, 
        "model": "poll.poll", 
        "fields": {
            "default_response": "", 
            "name": "edtrac_girlsp3_enrollment", 
            "end_date": null, 
            "contacts": [], 
            "messages": [], 
            "question": "How many girls are enrolled in P3 this term?", 
            "sites": [
                5
            ], 
            "user": 1, 
            "type": "n", 
            "start_date": null, 
            "response_type": "a"
        }
    }, 
    {
        "pk": 355, 
        "model": "poll.poll", 
        "fields": {
            "default_response": "", 
            "name": "edtrac_girlsp6_enrollment", 
            "end_date": null, 
            "contacts": [], 
            "messages": [], 
            "question": "How many girls are enrolled in P6 this term?", 
            "sites": [
                5
            ], 
            "user": 1, 
            "type": "n", 
            "start_date": null, 
            "response_type": "a"
        }
    }, 
    {
        "pk": 356, 
        "model": "poll.poll", 
        "fields": {
            "default_response": "", 
            "name": "edtrac_f_teachers_deployment", 
            "end_date": null, 
            "contacts": [], 
            "messages": [], 
            "question": "How many female teachers are deployed in your school this term?", 
            "sites": [
                5
            ], 
            "user": 1, 
            "type": "n", 
            "start_date": null, 
            "response_type": "a"
        }
    }, 
    {
        "pk": 357, 
        "model": "poll.poll", 
        "fields": {
            "default_response": "", 
            "name": "edtrac_m_teachers_deployment", 
            "end_date": null, 
            "contacts": [], 
            "messages": [], 
            "question": "How many male teachers are deployed in your school this term?", 
            "sites": [
                5
            ], 
            "user": 1, 
            "type": "n", 
            "start_date": null, 
            "response_type": "a"
        }
    }, 
    {
        "pk": 358, 
        "model": "poll.poll", 
        "fields": {
            "default_response": "", 
            "name": "edtrac_upe_grant", 
            "end_date": null, 
            "contacts": [], 
            "messages": [], 
            "question": "Has the UPE grant been displayed on the school notice board? Answer YES or NO", 
            "sites": [
                5
            ], 
            "user": 1, 
            "type": "t", 
            "start_date": null, 
            "response_type": "a"
        }
    }, 
    {
        "pk": 359, 
        "model": "poll.poll", 
        "fields": {
            "default_response": "", 
            "name": "edtrac_gem_headteacher_present", 
            "end_date": null, 
            "contacts": [], 
            "messages": [], 
            "question": "Name the schools where the Head teacher was present at your last visit? Separate schools with a comma e.g St Peters PS, St John PS", 
            "sites": [
                5
            ], 
            "user": 1, 
            "type": "t", 
            "start_date": null, 
            "response_type": "a"
        }
    }, 
    {
        "pk": 360, 
        "model": "poll.poll", 
        "fields": {
            "default_response": "", 
            "name": "edtrac_gem_headteacher_absent", 
            "end_date": null, 
            "contacts": [], 
            "messages": [], 
            "question": "Name the schools where the Head teacher was absent at your last visit? Separate schools with a comma e.g St Peters PS, St John PS", 
            "sites": [
                5
            ], 
            "user": 1, 
            "type": "t", 
            "start_date": null, 
            "response_type": "a"
        }
    }, 
    {
        "pk": 361, 
        "model": "poll.poll", 
        "fields": {
            "default_response": "", 
            "name": "edtrac_head_teachers_attendance", 
            "end_date": null, 
            "contacts": [], 
            "messages": [], 
            "question": "Has the head teacher been at school for at least 3 days? Answer YES or NO", 
            "sites": [
                5
            ], 
            "user": 1, 
            "type": "t", 
            "start_date": null, 
            "response_type": "a"
        }
    }, 
    {
        "pk": 362, 
        "model": "poll.poll", 
        "fields": {
            "default_response": "", 
            "name": "edtrac_headteachers_abuse", 
            "end_date": null, 
            "contacts": [], 
            "messages": [], 
            "question": "How many abuse cases were recorded in the record book this month?", 
            "sites": [
                5
            ], 
            "user": 1, 
            "type": "n", 
            "start_date": null, 
            "response_type": "a"
        }
    }, 
    {
        "pk": 363, 
        "model": "poll.poll", 
        "fields": {
            "default_response": "", 
            "name": "edtrac_headteachers_meals", 
            "end_date": null, 
            "contacts": [], 
            "messages": [], 
            "question": "How many children do you think had lunch today? Reply with ONE of the following; 0%, 25%, 50%, 75% or 100%", 
            "sites": [
                5
            ], 
            "user": 1, 
            "type": "t", 
            "start_date": null, 
            "response_type": "a"
        }
    }, 
    {
        "pk": 364, 
        "model": "poll.poll", 
        "fields": {
            "default_response": "", 
            "name": "edtrac_smc_meals", 
            "end_date": null, 
            "contacts": [], 
            "messages": [], 
            "question": "How many children do you think had lunch today? Reply with ONE of the following; 0%, 25%, 50%, 75% or 100%", 
            "sites": [
                5
            ], 
            "user": 1, 
            "type": "t", 
            "start_date": null, 
            "response_type": "a"
        }
    }, 
    {
        "pk": 365, 
        "model": "poll.poll", 
        "fields": {
            "default_response": "", 
            "name": "edtrac_gem_abuse", 
            "end_date": null, 
            "contacts": [], 
            "messages": [], 
            "question": "How many abuse cases were recored this month?", 
            "sites": [
                5
            ], 
            "user": 1, 
            "type": "n", 
            "start_date": null, 
            "response_type": "a"
        }
    }, 
    {
        "pk": 213, 
        "model": "poll.category", 
        "fields": {
            "error_category": false, 
            "name": "no", 
            "color": "", 
            "priority": null, 
            "default": false, 
            "poll": 361, 
            "response": null
        }
    }, 
    {
        "pk": 210, 
        "model": "poll.category", 
        "fields": {
            "error_category": false, 
            "name": "no", 
            "color": "", 
            "priority": null, 
            "default": false, 
            "poll": 358, 
            "response": null
        }
    }, 
    {
        "pk": 207, 
        "model": "poll.category", 
        "fields": {
            "error_category": false, 
            "name": "no", 
            "color": "", 
            "priority": null, 
            "default": false, 
            "poll": 344, 
            "response": null
        }
    }, 
    {
        "pk": 214, 
        "model": "poll.category", 
        "fields": {
            "error_category": true, 
            "name": "unknown", 
            "color": "", 
            "priority": null, 
            "default": true, 
            "poll": 361, 
            "response": null
        }
    }, 
    {
        "pk": 208, 
        "model": "poll.category", 
        "fields": {
            "error_category": true, 
            "name": "unknown", 
            "color": "", 
            "priority": null, 
            "default": true, 
            "poll": 344, 
            "response": null
        }
    }, 
    {
        "pk": 211, 
        "model": "poll.category", 
        "fields": {
            "error_category": true, 
            "name": "unknown", 
            "color": "", 
            "priority": null, 
            "default": true, 
            "poll": 358, 
            "response": null
        }
    }, 
    {
        "pk": 212, 
        "model": "poll.category", 
        "fields": {
            "error_category": false, 
            "name": "yes", 
            "color": "", 
            "priority": null, 
            "default": false, 
            "poll": 361, 
            "response": null
        }
    }, 
    {
        "pk": 209, 
        "model": "poll.category", 
        "fields": {
            "error_category": false, 
            "name": "yes", 
            "color": "", 
            "priority": null, 
            "default": false, 
            "poll": 358, 
            "response": null
        }
    }, 
    {
        "pk": 206, 
        "model": "poll.category", 
        "fields": {
            "error_category": false, 
            "name": "yes", 
            "color": "", 
            "priority": null, 
            "default": false, 
            "poll": 344, 
            "response": null
        }
    }, 
    {
        "pk": 70439, 
        "model": "poll.response", 
        "fields": {
            "date": "2012-01-19 11:01:57", 
            "has_errors": false, 
            "message": 647444, 
            "poll": 335, 
            "contact": null
        }
    }, 
    {
        "pk": 70440, 
        "model": "poll.response", 
        "fields": {
            "date": "2012-01-19 11:02:06", 
            "has_errors": false, 
            "message": 647446, 
            "poll": 335, 
            "contact": null
        }
    }, 
    {
        "pk": 70441, 
        "model": "poll.response", 
        "fields": {
            "date": "2012-01-19 11:02:44", 
            "has_errors": false, 
            "message": 647447, 
            "poll": 338, 
            "contact": null
        }
    }, 
    {
        "pk": 70442, 
        "model": "poll.response", 
        "fields": {
            "date": "2012-01-19 11:03:51", 
            "has_errors": false, 
            "message": 647450, 
            "poll": 339, 
            "contact": null
        }
    }, 
    {
        "pk": 70443, 
        "model": "poll.response", 
        "fields": {
            "date": "2012-01-19 11:04:33", 
            "has_errors": false, 
            "message": 647452, 
            "poll": 337, 
            "contact": null
        }
    }, 
    {
        "pk": 70444, 
        "model": "poll.response", 
        "fields": {
            "date": "2012-01-19 11:05:26", 
            "has_errors": false, 
            "message": 647454, 
            "poll": 340, 
            "contact": null
        }
    }, 
    {
        "pk": 70445, 
        "model": "poll.response", 
        "fields": {
            "date": "2012-01-19 11:06:30", 
            "has_errors": false, 
            "message": 647455, 
            "poll": 338, 
            "contact": null
        }
    }, 
    {
        "pk": 70446, 
        "model": "poll.response", 
        "fields": {
            "date": "2012-01-19 11:07:49", 
            "has_errors": false, 
            "message": 647458, 
            "poll": 341, 
            "contact": null
        }
    }, 
    {
        "pk": 70447, 
        "model": "poll.response", 
        "fields": {
            "date": "2012-01-19 11:12:23", 
            "has_errors": false, 
            "message": 647461, 
            "poll": 339, 
            "contact": null
        }
    }, 
    {
        "pk": 70448, 
        "model": "poll.response", 
        "fields": {
            "date": "2012-01-19 11:14:11", 
            "has_errors": false, 
            "message": 647463, 
            "poll": 340, 
            "contact": null
        }
    }, 
    {
        "pk": 70449, 
        "model": "poll.response", 
        "fields": {
            "date": "2012-01-19 11:16:54", 
            "has_errors": false, 
            "message": 647467, 
            "poll": 341, 
            "contact": null
        }
    }, 
    {
        "pk": 124, 
        "model": "poll.rule", 
        "fields": {
            "regex": "^\\s*(yes|yeah|yep|yay|y)(\\s|[^a-zA-Z]|$)", 
            "category": 206, 
            "rule_string": "^\\s*(yes|yeah|yep|yay|y)(\\s|[^a-zA-Z]|$)", 
            "rule_type": "r"
        }
    }, 
    {
        "pk": 125, 
        "model": "poll.rule", 
        "fields": {
            "regex": "^\\s*(no|nope|nah|nay|n)(\\s|[^a-zA-Z]|$)", 
            "category": 207, 
            "rule_string": "^\\s*(no|nope|nah|nay|n)(\\s|[^a-zA-Z]|$)", 
            "rule_type": "r"
        }
    }, 
    {
        "pk": 126, 
        "model": "poll.rule", 
        "fields": {
            "regex": "^\\s*(yes|yeah|yep|yay|y)(\\s|[^a-zA-Z]|$)", 
            "category": 209, 
            "rule_string": "^\\s*(yes|yeah|yep|yay|y)(\\s|[^a-zA-Z]|$)", 
            "rule_type": "r"
        }
    }, 
    {
        "pk": 127, 
        "model": "poll.rule", 
        "fields": {
            "regex": "^\\s*(no|nope|nah|nay|n)(\\s|[^a-zA-Z]|$)", 
            "category": 210, 
            "rule_string": "^\\s*(no|nope|nah|nay|n)(\\s|[^a-zA-Z]|$)", 
            "rule_type": "r"
        }
    }, 
    {
        "pk": 128, 
        "model": "poll.rule", 
        "fields": {
            "regex": "^\\s*(yes|yeah|yep|yay|y)(\\s|[^a-zA-Z]|$)", 
            "category": 212, 
            "rule_string": "^\\s*(yes|yeah|yep|yay|y)(\\s|[^a-zA-Z]|$)", 
            "rule_type": "r"
        }
    }, 
    {
        "pk": 129, 
        "model": "poll.rule", 
        "fields": {
            "regex": "^\\s*(no|nope|nah|nay|n)(\\s|[^a-zA-Z]|$)", 
            "category": 213, 
            "rule_string": "^\\s*(no|nope|nah|nay|n)(\\s|[^a-zA-Z]|$)", 
            "rule_type": "r"
        }
    }, 
    {
        "pk": "edtrac_head_teachers_weekly", 
        "model": "script.script", 
        "fields": {
            "enabled": false, 
            "name": "Education monitoring head teachers weekly script", 
            "sites": [
                5
            ]
        }
    }, 
    {
        "pk": "edtrac_smc_termly", 
        "model": "script.script", 
        "fields": {
            "enabled": false, 
            "name": "Education monitoring smc termly script", 
            "sites": [
                5
            ]
        }
    }, 
    {
        "pk": "edtrac_teachers_monthly", 
        "model": "script.script", 
        "fields": {
            "enabled": false, 
            "name": "Education monitoring teachers monthly script", 
            "sites": [
                5
            ]
        }
    }, 
    {
        "pk": "edtrac_teachers_weekly", 
        "model": "script.script", 
        "fields": {
            "enabled": false, 
            "name": "Education monitoring teachers weekly script", 
            "sites": [
                5
            ]
        }
    }, 
    {
        "pk": "edtrac_head_teachers_termly", 
        "model": "script.script", 
        "fields": {
            "enabled": false, 
            "name": "Education monitoring head teachers termly script", 
            "sites": [
                5
            ]
        }
    }, 
    {
        "pk": "edtrac_gem_monthly", 
        "model": "script.script", 
        "fields": {
            "enabled": false, 
            "name": "Education monitoring gem monthly script", 
            "sites": [
                5
            ]
        }
    }, 
    {
        "pk": "edtrac_smc_weekly", 
        "model": "script.script", 
        "fields": {
            "enabled": false, 
            "name": "Education monitoring smc weekly script", 
            "sites": [
                5
            ]
        }
    }, 
    {
        "pk": "edtrac_head_teachers_monthly", 
        "model": "script.script", 
        "fields": {
            "enabled": false, 
            "name": "Education monitoring head teachers monthly script", 
            "sites": [
                5
            ]
        }
    }, 
    {
        "pk": "edtrac_autoreg", 
        "model": "script.script", 
        "fields": {
            "enabled": true, 
            "name": "Education monitoring auto registration script", 
            "sites": [
                5
            ]
        }
    }, 
    {
        "pk": "edtrac_smc_monthly", 
        "model": "script.script", 
        "fields": {
            "enabled": false, 
            "name": "Education monitoring smc monthly script", 
            "sites": [
                5
            ]
        }
    }, 
    {
        "pk": 347, 
        "model": "script.scriptstep", 
        "fields": {
            "script": "edtrac_smc_termly", 
            "retry_offset": 86400, 
            "rule": "R", 
            "email": null, 
            "num_tries": 1, 
            "start_offset": 60, 
            "message": "", 
            "poll": 344, 
            "order": 0, 
            "giveup_offset": 86400
        }
    }, 
    {
        "pk": 348, 
        "model": "script.scriptstep", 
        "fields": {
            "script": "edtrac_smc_termly", 
            "retry_offset": 86400, 
            "rule": "R", 
            "email": null, 
            "num_tries": 1, 
            "start_offset": 60, 
            "message": "", 
            "poll": 345, 
            "order": 1, 
            "giveup_offset": 86400
        }
    }, 
    {
        "pk": 349, 
        "model": "script.scriptstep", 
        "fields": {
            "script": "edtrac_teachers_monthly", 
            "retry_offset": 86400, 
            "rule": "R", 
            "email": null, 
            "num_tries": 1, 
            "start_offset": 60, 
            "message": "", 
            "poll": 346, 
            "order": 0, 
            "giveup_offset": 86400
        }
    }, 
    {
        "pk": 350, 
        "model": "script.scriptstep", 
        "fields": {
            "script": "edtrac_teachers_weekly", 
            "retry_offset": 86400, 
            "rule": "R", 
            "email": null, 
            "num_tries": 1, 
            "start_offset": 60, 
            "message": "", 
            "poll": 347, 
            "order": 0, 
            "giveup_offset": 86400
        }
    }, 
    {
        "pk": 351, 
        "model": "script.scriptstep", 
        "fields": {
            "script": "edtrac_teachers_weekly", 
            "retry_offset": 86400, 
            "rule": "R", 
            "email": null, 
            "num_tries": 1, 
            "start_offset": 60, 
            "message": "", 
            "poll": 348, 
            "order": 1, 
            "giveup_offset": 86400
        }
    }, 
    {
        "pk": 352, 
        "model": "script.scriptstep", 
        "fields": {
            "script": "edtrac_teachers_weekly", 
            "retry_offset": 86400, 
            "rule": "R", 
            "email": null, 
            "num_tries": 1, 
            "start_offset": 60, 
            "message": "", 
            "poll": 349, 
            "order": 2, 
            "giveup_offset": 86400
        }
    }, 
    {
        "pk": 353, 
        "model": "script.scriptstep", 
        "fields": {
            "script": "edtrac_teachers_weekly", 
            "retry_offset": 86400, 
            "rule": "R", 
            "email": null, 
            "num_tries": 1, 
            "start_offset": 60, 
            "message": "", 
            "poll": 350, 
            "order": 3, 
            "giveup_offset": 86400
        }
    }, 
    {
        "pk": 355, 
        "model": "script.scriptstep", 
        "fields": {
            "script": "edtrac_head_teachers_termly", 
            "retry_offset": 86400, 
            "rule": "R", 
            "email": null, 
            "num_tries": 1, 
            "start_offset": 60, 
            "message": "", 
            "poll": 352, 
            "order": 0, 
            "giveup_offset": 86400
        }
    }, 
    {
        "pk": 356, 
        "model": "script.scriptstep", 
        "fields": {
            "script": "edtrac_head_teachers_termly", 
            "retry_offset": 86400, 
            "rule": "R", 
            "email": null, 
            "num_tries": 1, 
            "start_offset": 60, 
            "message": "", 
            "poll": 353, 
            "order": 1, 
            "giveup_offset": 86400
        }
    }, 
    {
        "pk": 357, 
        "model": "script.scriptstep", 
        "fields": {
            "script": "edtrac_head_teachers_termly", 
            "retry_offset": 86400, 
            "rule": "R", 
            "email": null, 
            "num_tries": 1, 
            "start_offset": 60, 
            "message": "", 
            "poll": 354, 
            "order": 2, 
            "giveup_offset": 86400
        }
    }, 
    {
        "pk": 358, 
        "model": "script.scriptstep", 
        "fields": {
            "script": "edtrac_head_teachers_termly", 
            "retry_offset": 86400, 
            "rule": "R", 
            "email": null, 
            "num_tries": 1, 
            "start_offset": 60, 
            "message": "", 
            "poll": 355, 
            "order": 3, 
            "giveup_offset": 86400
        }
    }, 
    {
        "pk": 359, 
        "model": "script.scriptstep", 
        "fields": {
            "script": "edtrac_head_teachers_termly", 
            "retry_offset": 86400, 
            "rule": "R", 
            "email": null, 
            "num_tries": 1, 
            "start_offset": 60, 
            "message": "", 
            "poll": 356, 
            "order": 4, 
            "giveup_offset": 86400
        }
    }, 
    {
        "pk": 360, 
        "model": "script.scriptstep", 
        "fields": {
            "script": "edtrac_head_teachers_termly", 
            "retry_offset": 86400, 
            "rule": "R", 
            "email": null, 
            "num_tries": 1, 
            "start_offset": 60, 
            "message": "", 
            "poll": 357, 
            "order": 5, 
            "giveup_offset": 86400
        }
    }, 
    {
        "pk": 361, 
        "model": "script.scriptstep", 
        "fields": {
            "script": "edtrac_head_teachers_termly", 
            "retry_offset": 86400, 
            "rule": "R", 
            "email": null, 
            "num_tries": 1, 
            "start_offset": 60, 
            "message": "", 
            "poll": 358, 
            "order": 6, 
            "giveup_offset": 86400
        }
    }, 
    {
        "pk": 362, 
        "model": "script.scriptstep", 
        "fields": {
            "script": "edtrac_gem_monthly", 
            "retry_offset": 86400, 
            "rule": "R", 
            "email": null, 
            "num_tries": 1, 
            "start_offset": 60, 
            "message": "", 
            "poll": 359, 
            "order": 0, 
            "giveup_offset": 86400
        }
    }, 
    {
        "pk": 363, 
        "model": "script.scriptstep", 
        "fields": {
            "script": "edtrac_gem_monthly", 
            "retry_offset": 86400, 
            "rule": "R", 
            "email": null, 
            "num_tries": 1, 
            "start_offset": 60, 
            "message": "", 
            "poll": 360, 
            "order": 1, 
            "giveup_offset": 86400
        }
    }, 
    {
        "pk": 364, 
        "model": "script.scriptstep", 
        "fields": {
            "script": "edtrac_smc_weekly", 
            "retry_offset": 86400, 
            "rule": "R", 
            "email": null, 
            "num_tries": 1, 
            "start_offset": 60, 
            "message": "", 
            "poll": 361, 
            "order": 0, 
            "giveup_offset": 86400
        }
    }, 
    {
        "pk": 365, 
        "model": "script.scriptstep", 
        "fields": {
            "script": "edtrac_head_teachers_monthly", 
            "retry_offset": 86400, 
            "rule": "R", 
            "email": null, 
            "num_tries": 1, 
            "start_offset": 60, 
            "message": "", 
            "poll": 362, 
            "order": 0, 
            "giveup_offset": 86400
        }
    }, 
    {
        "pk": 366, 
        "model": "script.scriptstep", 
        "fields": {
            "script": "edtrac_head_teachers_monthly", 
            "retry_offset": 86400, 
            "rule": "R", 
            "email": null, 
            "num_tries": 1, 
            "start_offset": 60, 
            "message": "", 
            "poll": 363, 
            "order": 1, 
            "giveup_offset": 86400
        }
    }, 
    {
        "pk": 367, 
        "model": "script.scriptstep", 
        "fields": {
            "script": "edtrac_smc_monthly", 
            "retry_offset": 86400, 
            "rule": "R", 
            "email": null, 
            "num_tries": 1, 
            "start_offset": 60, 
            "message": "", 
            "poll": 364, 
            "order": 0, 
            "giveup_offset": 86400
        }
    }, 
    {
        "pk": 368, 
        "model": "script.scriptstep", 
        "fields": {
            "script": "edtrac_smc_monthly", 
            "retry_offset": 86400, 
            "rule": "R", 
            "email": null, 
            "num_tries": 1, 
            "start_offset": 60, 
            "message": "", 
            "poll": 365, 
            "order": 1, 
            "giveup_offset": 86400
        }
    }, 
    {
        "pk": 337, 
        "model": "script.scriptstep", 
        "fields": {
            "script": "edtrac_autoreg", 
            "retry_offset": 86400, 
            "rule": "R", 
            "email": null, 
            "num_tries": 1, 
            "start_offset": 0, 
            "message": "", 
            "poll": 335, 
            "order": 0, 
            "giveup_offset": 86400
        }
    }, 
    {
        "pk": 338, 
        "model": "script.scriptstep", 
        "fields": {
            "script": "edtrac_autoreg", 
            "retry_offset": 86400, 
            "rule": "R", 
            "email": null, 
            "num_tries": 1, 
            "start_offset": 0, 
            "message": "", 
            "poll": 336, 
            "order": 1, 
            "giveup_offset": 86400
        }
    }, 
    {
        "pk": 339, 
        "model": "script.scriptstep", 
        "fields": {
            "script": "edtrac_autoreg", 
            "retry_offset": 86400, 
            "rule": "R", 
            "email": null, 
            "num_tries": 1, 
            "start_offset": 0, 
            "message": "", 
            "poll": 337, 
            "order": 2, 
            "giveup_offset": 86400
        }
    }, 
    {
        "pk": 340, 
        "model": "script.scriptstep", 
        "fields": {
            "script": "edtrac_autoreg", 
            "retry_offset": 86400, 
            "rule": "M", 
            "email": null, 
            "num_tries": 1, 
            "start_offset": 0, 
            "message": "", 
            "poll": 338, 
            "order": 3, 
            "giveup_offset": 86400
        }
    }, 
    {
        "pk": 341, 
        "model": "script.scriptstep", 
        "fields": {
            "script": "edtrac_autoreg", 
            "retry_offset": 86400, 
            "rule": "R", 
            "email": null, 
            "num_tries": 1, 
            "start_offset": 0, 
            "message": "", 
            "poll": 339, 
            "order": 4, 
            "giveup_offset": 86400
        }
    }, 
    {
        "pk": 342, 
        "model": "script.scriptstep", 
        "fields": {
            "script": "edtrac_autoreg", 
            "retry_offset": 86400, 
            "rule": "R", 
            "email": null, 
            "num_tries": 1, 
            "start_offset": 0, 
            "message": "", 
            "poll": 340, 
            "order": 5, 
            "giveup_offset": 86400
        }
    }, 
    {
        "pk": 343, 
        "model": "script.scriptstep", 
        "fields": {
            "script": "edtrac_autoreg", 
            "retry_offset": 86400, 
            "rule": "R", 
            "email": null, 
            "num_tries": 1, 
            "start_offset": 60, 
            "message": "", 
            "poll": 341, 
            "order": 6, 
            "giveup_offset": 86400
        }
    }, 
    {
        "pk": 344, 
        "model": "script.scriptstep", 
        "fields": {
            "script": "edtrac_autoreg", 
            "retry_offset": null, 
            "rule": "w", 
            "email": null, 
            "num_tries": null, 
            "start_offset": 60, 
            "message": "Welcome EdTrac.The information you shall provide contributes to keeping children in school.", 
            "poll": null, 
            "order": 7, 
            "giveup_offset": 0
        }
    }, 
    {
        "pk": 345, 
        "model": "script.scriptstep", 
        "fields": {
            "script": "edtrac_head_teachers_weekly", 
            "retry_offset": 86400, 
            "rule": "R", 
            "email": null, 
            "num_tries": 1, 
            "start_offset": 60, 
            "message": "", 
            "poll": 342, 
            "order": 0, 
            "giveup_offset": 86400
        }
    }, 
    {
        "pk": 346, 
        "model": "script.scriptstep", 
        "fields": {
            "script": "edtrac_head_teachers_weekly", 
            "retry_offset": 86400, 
            "rule": "R", 
            "email": null, 
            "num_tries": 1, 
            "start_offset": 60, 
            "message": "", 
            "poll": 343, 
            "order": 1, 
            "giveup_offset": 86400
        }
    }, 
    {
        "pk": 21042, 
        "model": "script.scriptprogress", 
        "fields": {
            "status": "P", 
            "language": "en", 
            "script": "edtrac_autoreg", 
            "step": 337, 
            "connection": 30027, 
            "num_tries": null, 
            "time": "2012-01-19 11:17:04"
        }
    }, 
    {
        "pk": 21043, 
        "model": "script.scriptprogress", 
        "fields": {
            "status": "", 
            "language": null, 
            "script": "edtrac_teachers_weekly", 
            "step": null, 
            "connection": 29963, 
            "num_tries": null, 
            "time": "2012-01-19 11:19:03"
        }
    }, 
    {
        "pk": 21044, 
        "model": "script.scriptprogress", 
        "fields": {
            "status": "", 
            "language": null, 
            "script": "edtrac_teachers_monthly", 
            "step": null, 
            "connection": 29963, 
            "num_tries": null, 
            "time": "2012-02-01 11:19:03"
        }
    }, 
    {
        "pk": 21041, 
        "model": "script.scriptprogress", 
        "fields": {
            "status": "P", 
            "language": "en", 
            "script": "edtrac_autoreg", 
            "step": 337, 
            "connection": 30025, 
            "num_tries": null, 
            "time": "2012-01-19 09:58:03"
        }
    }, 
    {
        "pk": 20284, 
        "model": "script.scriptsession", 
        "fields": {
            "connection": 30025, 
            "end_time": null, 
            "start_time": "2012-01-19 09:58:03", 
            "script": "edtrac_autoreg"
        }
    }, 
    {
        "pk": 20285, 
        "model": "script.scriptsession", 
        "fields": {
            "connection": 30025, 
            "end_time": "2012-01-19 11:10:03", 
            "start_time": "2012-01-19 09:58:03", 
            "script": "edtrac_autoreg"
        }
    }, 
    {
        "pk": 20287, 
        "model": "script.scriptsession", 
        "fields": {
            "connection": 30027, 
            "end_time": null, 
            "start_time": "2012-01-19 11:17:04", 
            "script": "edtrac_autoreg"
        }
    }, 
    {
        "pk": 20286, 
        "model": "script.scriptsession", 
        "fields": {
            "connection": 29963, 
            "end_time": "2012-01-19 11:19:02", 
            "start_time": "2012-01-19 09:58:03", 
            "script": "edtrac_autoreg"
        }
    }, 
    {
        "pk": 51592, 
        "model": "script.scriptresponse", 
        "fields": {
            "session": 20285, 
            "response": 70439
        }
    }, 
    {
        "pk": 51593, 
        "model": "script.scriptresponse", 
        "fields": {
            "session": 20286, 
            "response": 70440
        }
    }, 
    {
        "pk": 51594, 
        "model": "script.scriptresponse", 
        "fields": {
            "session": 20285, 
            "response": 70441
        }
    }, 
    {
        "pk": 51596, 
        "model": "script.scriptresponse", 
        "fields": {
            "session": 20286, 
            "response": 70443
        }
    }, 
    {
        "pk": 51600, 
        "model": "script.scriptresponse", 
        "fields": {
            "session": 20286, 
            "response": 70447
        }
    }, 
    {
        "pk": 51601, 
        "model": "script.scriptresponse", 
        "fields": {
            "session": 20286, 
            "response": 70448
        }
    }, 
    {
        "pk": 51602, 
        "model": "script.scriptresponse", 
        "fields": {
            "session": 20286, 
            "response": 70449
        }
    }, 
    {
        "pk": 51595, 
        "model": "script.scriptresponse", 
        "fields": {
            "session": 20285, 
            "response": 70442
        }
    }, 
    {
        "pk": 51597, 
        "model": "script.scriptresponse", 
        "fields": {
            "session": 20285, 
            "response": 70444
        }
    }, 
    {
        "pk": 51598, 
        "model": "script.scriptresponse", 
        "fields": {
            "session": 20286, 
            "response": 70445
        }
    }, 
    {
        "pk": 51599, 
        "model": "script.scriptresponse", 
        "fields": {
            "session": 20285, 
            "response": 70446
        }
    }, 
    {
        "pk": 1, 
        "model": "script.email", 
        "fields": {
            "message": "{% load message_content %}{{ connection|excel_reminder_msg }}{{ connection|outstanding_deliveries_msg }}", 
            "sender": "no-reply@uganda.rapidsms.org", 
            "recipients": [
                1
            ], 
            "subject": "{% load message_content %}SupplyTracking: {{ connection|email_subject }}"
        }
    }, 
    {
        "pk": 4, 
        "model": "sites.site", 
        "fields": {
            "domain": "cvs.rapidsms.org", 
            "name": "CVS (Community Vulnerability Surveillance)"
        }
    }, 
    {
        "pk": 5, 
        "model": "sites.site", 
        "fields": {
            "domain": "edtrac.unicefuganda.org", 
            "name": ""
        }
    }, 
    {
        "pk": 1, 
        "model": "sites.site", 
        "fields": {
            "domain": "example.com", 
            "name": "example.com"
        }
    }, 
    {
        "pk": 3, 
        "model": "sites.site", 
        "fields": {
            "domain": "status160.rapidsms.org", 
            "name": "status160"
        }
    }, 
    {
        "pk": 2, 
        "model": "sites.site", 
        "fields": {
            "domain": "ureport.rapidsms.org", 
            "name": "uReport"
        }
    }
]