[
    {
        "pk": 113, 
        "model": "auth.group", 
        "fields": {
            "name": "Admins", 
            "permissions": []
        }
    }, 
    {
        "pk": 49, 
        "model": "auth.group", 
        "fields": {
            "name": "Services Providers", 
            "permissions": []
        }
    }, 
    {
        "pk": 104, 
        "model": "auth.group", 
        "fields": {
            "name": "Teachers", 
            "permissions": []
        }
    }, 
    {
        "pk": 105, 
        "model": "auth.group", 
        "fields": {
            "name": "Head Teachers", 
            "permissions": []
        }
    }, 
    {
        "pk": 106, 
        "model": "auth.group", 
        "fields": {
            "name": "SMC", 
            "permissions": []
        }
    }, 
    {
        "pk": 107, 
        "model": "auth.group", 
        "fields": {
            "name": "GEM", 
            "permissions": []
        }
    }, 
    {
        "pk": 108, 
        "model": "auth.group", 
        "fields": {
            "name": "CCT", 
            "permissions": []
        }
    }, 
    {
        "pk": 109, 
        "model": "auth.group", 
        "fields": {
            "name": "DEO", 
            "permissions": []
        }
    }, 
    {
        "pk": 110, 
        "model": "auth.group", 
        "fields": {
            "name": "District Officials", 
            "permissions": []
        }
    }, 
    {
        "pk": 111, 
        "model": "auth.group", 
        "fields": {
            "name": "Other Reporters", 
            "permissions": []
        }
    }, 
    {
        "pk": 112, 
        "model": "auth.group", 
        "fields": {
            "name": "DFO", 
            "permissions": []
        }
    }, 
    {
        "pk": 114, 
        "model": "auth.group", 
        "fields": {
            "name": "Ministry Officials", 
            "permissions": []
        }
    }, 
    {
        "pk": 115, 
        "model": "auth.group", 
        "fields": {
            "name": "UNICEF Officials", 
            "permissions": []
        }
    }, 
    {
        "pk": 428, 
        "model": "poll.poll", 
        "fields": {
            "default_response": "", 
            "name": "edtrac_role", 
            "end_date": null, 
            "contacts": [], 
            "messages": [], 
            "question": "Thank you for participating in EdTrac. What is your role? Choose ONE: Teacher, Head Teacher, SMC, GEM", 
            "sites": [
                1
            ], 
            "user": 1, 
            "type": "t", 
            "start_date": null, 
            "response_type": "a"
        }
    }, 
    {
        "pk": 429, 
        "model": "poll.poll", 
        "fields": {
            "default_response": "", 
            "name": "edtrac_gender", 
            "end_date": null, 
            "contacts": [], 
            "messages": [], 
            "question": "Are you female or male?", 
            "sites": [
                1
            ], 
            "user": 1, 
            "type": "t", 
            "start_date": null, 
            "response_type": "a"
        }
    }, 
    {
        "pk": 430, 
        "model": "poll.poll", 
        "fields": {
            "default_response": "", 
            "name": "edtrac_class", 
            "end_date": null, 
            "contacts": [], 
            "messages": [], 
            "question": "Which class do you teach? P3 or P6", 
            "sites": [
                1
            ], 
            "user": 1, 
            "type": "t", 
            "start_date": null, 
            "response_type": "a"
        }
    }, 
    {
        "pk": 431, 
        "model": "poll.poll", 
        "fields": {
            "default_response": "", 
            "name": "edtrac_district", 
            "end_date": null, 
            "contacts": [], 
            "messages": [], 
            "question": "What is the name of your district?", 
            "sites": [
                1
            ], 
            "user": 1, 
            "type": "l", 
            "start_date": null, 
            "response_type": "a"
        }
    }, 
    {
        "pk": 432, 
        "model": "poll.poll", 
        "fields": {
            "default_response": "", 
            "name": "edtrac_subcounty", 
            "end_date": null, 
            "contacts": [], 
            "messages": [], 
            "question": "What is the name of your sub county?", 
            "sites": [
                1
            ], 
            "user": 1, 
            "type": "t", 
            "start_date": null, 
            "response_type": "a"
        }
    }, 
    {
        "pk": 433, 
        "model": "poll.poll", 
        "fields": {
            "default_response": "", 
            "name": "edtrac_school", 
            "end_date": null, 
            "contacts": [], 
            "messages": [], 
            "question": "What is the name of your school?", 
            "sites": [
                1
            ], 
            "user": 1, 
            "type": "t", 
            "start_date": null, 
            "response_type": "a"
        }
    }, 
    {
        "pk": 434, 
        "model": "poll.poll", 
        "fields": {
            "default_response": "", 
            "name": "edtrac_name", 
            "end_date": null, 
            "contacts": [], 
            "messages": [], 
            "question": "What is your name?", 
            "sites": [
                1
            ], 
            "user": 1, 
            "type": "t", 
            "start_date": null, 
            "response_type": "a"
        }
    }, 
    {
        "pk": 435, 
        "model": "poll.poll", 
        "fields": {
            "default_response": "", 
            "name": "edtrac_f_teachers_attendance", 
            "end_date": null, 
            "contacts": [], 
            "messages": [], 
            "question": "How many female teachers are at school today?", 
            "sites": [
                1
            ], 
            "user": 1, 
            "type": "n", 
            "start_date": null, 
            "response_type": "a"
        }
    }, 
    {
        "pk": 436, 
        "model": "poll.poll", 
        "fields": {
            "default_response": "", 
            "name": "edtrac_m_teachers_attendance", 
            "end_date": null, 
            "contacts": [], 
            "messages": [], 
            "question": "How many male teachers are at school today?", 
            "sites": [
                1
            ], 
            "user": 1, 
            "type": "n", 
            "start_date": null, 
            "response_type": "a"
        }
    }, 
    {
        "pk": 437, 
        "model": "poll.poll", 
        "fields": {
            "default_response": "", 
            "name": "edtrac_smc_upe_grant", 
            "end_date": null, 
            "contacts": [], 
            "messages": [], 
            "question": "Has UPE capitation grant been displayed on the school notice board? Answer YES or NO", 
            "sites": [
                1
            ], 
            "user": 1, 
            "type": "t", 
            "start_date": null, 
            "response_type": "a"
        }
    }, 
    {
        "pk": 438, 
        "model": "poll.poll", 
        "fields": {
            "default_response": "", 
            "name": "edtrac_smc_meetings", 
            "end_date": null, 
            "contacts": [], 
            "messages": [], 
            "question": "How many SMC meetings have you held this term? Give number of meetings held, if none, reploy 0.", 
            "sites": [
                1
            ], 
            "user": 1, 
            "type": "n", 
            "start_date": null, 
            "response_type": "a"
        }
    }, 
    {
        "pk": 439, 
        "model": "poll.poll", 
        "fields": {
            "default_response": "", 
            "name": "edtrac_boysp3_attendance", 
            "end_date": null, 
            "contacts": [], 
            "messages": [], 
            "question": "How many P3 boys are at school today?", 
            "sites": [
                1
            ], 
            "user": 1, 
            "type": "n", 
            "start_date": null, 
            "response_type": "a"
        }
    }, 
    {
        "pk": 440, 
        "model": "poll.poll", 
        "fields": {
            "default_response": "", 
            "name": "edtrac_boysp6_attendance", 
            "end_date": null, 
            "contacts": [], 
            "messages": [], 
            "question": "How many P6 boys are at school today?", 
            "sites": [
                1
            ], 
            "user": 1, 
            "type": "n", 
            "start_date": null, 
            "response_type": "a"
        }
    }, 
    {
        "pk": 441, 
        "model": "poll.poll", 
        "fields": {
            "default_response": "", 
            "name": "edtrac_girlsp3_attendance", 
            "end_date": null, 
            "contacts": [], 
            "messages": [], 
            "question": "How many P3 girls are at school today?", 
            "sites": [
                1
            ], 
            "user": 1, 
            "type": "n", 
            "start_date": null, 
            "response_type": "a"
        }
    }, 
    {
        "pk": 442, 
        "model": "poll.poll", 
        "fields": {
            "default_response": "", 
            "name": "edtrac_girlsp6_attendance", 
            "end_date": null, 
            "contacts": [], 
            "messages": [], 
            "question": "How many P6 girls are at school today?", 
            "sites": [
                1
            ], 
            "user": 1, 
            "type": "n", 
            "start_date": null, 
            "response_type": "a"
        }
    }, 
    {
        "pk": 443, 
        "model": "poll.poll", 
        "fields": {
            "default_response": "", 
            "name": "edtrac_p3curriculum_progress", 
            "end_date": null, 
            "contacts": [], 
            "messages": [], 
            "question": "What sub theme number you were teaching this week? (P3) ", 
            "sites": [
                1
            ], 
            "user": 1, 
            "type": "n", 
            "start_date": null, 
            "response_type": "a"
        }
    }, 
    {
        "pk": 444, 
        "model": "poll.poll", 
        "fields": {
            "default_response": "", 
            "name": "edtrac_p3curriculum_progress", 
            "end_date": null, 
            "contacts": [], 
            "messages": [], 
            "question": "What sub theme number of the P3 Literacy curriculum are you teaching this week? ", 
            "sites": [
                1
            ], 
            "user": 1, 
            "type": "t", 
            "start_date": null, 
            "response_type": "a"
        }
    }, 
    {
        "pk": 445, 
        "model": "poll.poll", 
        "fields": {
            "default_response": "", 
            "name": "edtrac_boysp3_enrollment", 
            "end_date": null, 
            "contacts": [], 
            "messages": [], 
            "question": "How many boys are enrolled in P3 this term?", 
            "sites": [
                1
            ], 
            "user": 1, 
            "type": "n", 
            "start_date": null, 
            "response_type": "a"
        }
    }, 
    {
        "pk": 446, 
        "model": "poll.poll", 
        "fields": {
            "default_response": "", 
            "name": "edtrac_boysp6_enrollment", 
            "end_date": null, 
            "contacts": [], 
            "messages": [], 
            "question": "How many boys are enrolled in P6 this term?", 
            "sites": [
                1
            ], 
            "user": 1, 
            "type": "n", 
            "start_date": null, 
            "response_type": "a"
        }
    }, 
    {
        "pk": 447, 
        "model": "poll.poll", 
        "fields": {
            "default_response": "", 
            "name": "edtrac_girlsp3_enrollment", 
            "end_date": null, 
            "contacts": [], 
            "messages": [], 
            "question": "How many girls are enrolled in P3 this term?", 
            "sites": [
                1
            ], 
            "user": 1, 
            "type": "n", 
            "start_date": null, 
            "response_type": "a"
        }
    }, 
    {
        "pk": 448, 
        "model": "poll.poll", 
        "fields": {
            "default_response": "", 
            "name": "edtrac_girlsp6_enrollment", 
            "end_date": null, 
            "contacts": [], 
            "messages": [], 
            "question": "How many girls are enrolled in P6 this term?", 
            "sites": [
                1
            ], 
            "user": 1, 
            "type": "n", 
            "start_date": null, 
            "response_type": "a"
        }
    }, 
    {
        "pk": 449, 
        "model": "poll.poll", 
        "fields": {
            "default_response": "", 
            "name": "edtrac_f_teachers_deployment", 
            "end_date": null, 
            "contacts": [], 
            "messages": [], 
            "question": "How many female teachers are deployed in your school this term?", 
            "sites": [
                1
            ], 
            "user": 1, 
            "type": "n", 
            "start_date": null, 
            "response_type": "a"
        }
    }, 
    {
        "pk": 450, 
        "model": "poll.poll", 
        "fields": {
            "default_response": "", 
            "name": "edtrac_m_teachers_deployment", 
            "end_date": null, 
            "contacts": [], 
            "messages": [], 
            "question": "How many male teachers are deployed in your school this term?", 
            "sites": [
                1
            ], 
            "user": 1, 
            "type": "n", 
            "start_date": null, 
            "response_type": "a"
        }
    }, 
    {
        "pk": 451, 
        "model": "poll.poll", 
        "fields": {
            "default_response": "", 
            "name": "edtrac_upe_grant", 
            "end_date": null, 
            "contacts": [], 
            "messages": [], 
            "question": "Has the UPE grant been displayed on the school notice board? Answer YES or NO", 
            "sites": [
                1
            ], 
            "user": 1, 
            "type": "t", 
            "start_date": null, 
            "response_type": "a"
        }
    }, 
    {
        "pk": 452, 
        "model": "poll.poll", 
        "fields": {
            "default_response": "", 
            "name": "edtrac_gem_headteacher_present", 
            "end_date": null, 
            "contacts": [], 
            "messages": [], 
            "question": "Name the schools where the Head teacher was present at your last visit? Separate schools with a comma e.g St Peters PS, St John PS", 
            "sites": [
                1
            ], 
            "user": 1, 
            "type": "t", 
            "start_date": null, 
            "response_type": "a"
        }
    }, 
    {
        "pk": 453, 
        "model": "poll.poll", 
        "fields": {
            "default_response": "", 
            "name": "edtrac_gem_headteacher_absent", 
            "end_date": null, 
            "contacts": [], 
            "messages": [], 
            "question": "Name the schools where the Head teacher was absent at your last visit? Separate schools with a comma e.g St Peters PS, St John PS", 
            "sites": [
                1
            ], 
            "user": 1, 
            "type": "t", 
            "start_date": null, 
            "response_type": "a"
        }
    }, 
    {
        "pk": 454, 
        "model": "poll.poll", 
        "fields": {
            "default_response": "", 
            "name": "edtrac_head_teachers_attendance", 
            "end_date": null, 
            "contacts": [], 
            "messages": [], 
            "question": "Has the head teacher been at school for at least 3 days? Answer YES or NO", 
            "sites": [
                1
            ], 
            "user": 1, 
            "type": "t", 
            "start_date": null, 
            "response_type": "a"
        }
    }, 
    {
        "pk": 455, 
        "model": "poll.poll", 
        "fields": {
            "default_response": "", 
            "name": "edtrac_headteachers_abuse", 
            "end_date": null, 
            "contacts": [], 
            "messages": [], 
            "question": "How many abuse cases were recorded in the record book this month?", 
            "sites": [
                1
            ], 
            "user": 1, 
            "type": "n", 
            "start_date": null, 
            "response_type": "a"
        }
    }, 
    {
        "pk": 456, 
        "model": "poll.poll", 
        "fields": {
            "default_response": "", 
            "name": "edtrac_headteachers_meals", 
            "end_date": null, 
            "contacts": [], 
            "messages": [], 
            "question": "How many children do you think had lunch today? Reply with ONE of the following; 0%, 25%, 50%, 75% or 100%", 
            "sites": [
                1
            ], 
            "user": 1, 
            "type": "t", 
            "start_date": null, 
            "response_type": "a"
        }
    }, 
    {
        "pk": 457, 
        "model": "poll.poll", 
        "fields": {
            "default_response": "", 
            "name": "edtrac_smc_meals", 
            "end_date": null, 
            "contacts": [], 
            "messages": [], 
            "question": "How many children do you think had lunch today? Reply with ONE of the following; 0%, 25%, 50%, 75% or 100%", 
            "sites": [
                1
            ], 
            "user": 1, 
            "type": "t", 
            "start_date": null, 
            "response_type": "a"
        }
    }, 
    {
        "pk": 291, 
        "model": "poll.category", 
        "fields": {
            "error_category": false, 
            "name": "no", 
            "color": "", 
            "priority": null, 
            "default": false, 
            "poll": 454, 
            "response": null
        }
    }, 
    {
        "pk": 288, 
        "model": "poll.category", 
        "fields": {
            "error_category": false, 
            "name": "no", 
            "color": "", 
            "priority": null, 
            "default": false, 
            "poll": 451, 
            "response": null
        }
    }, 
    {
        "pk": 285, 
        "model": "poll.category", 
        "fields": {
            "error_category": false, 
            "name": "no", 
            "color": "", 
            "priority": null, 
            "default": false, 
            "poll": 437, 
            "response": null
        }
    }, 
    {
        "pk": 292, 
        "model": "poll.category", 
        "fields": {
            "error_category": true, 
            "name": "unknown", 
            "color": "", 
            "priority": null, 
            "default": true, 
            "poll": 454, 
            "response": null
        }
    }, 
    {
        "pk": 286, 
        "model": "poll.category", 
        "fields": {
            "error_category": true, 
            "name": "unknown", 
            "color": "", 
            "priority": null, 
            "default": true, 
            "poll": 437, 
            "response": null
        }
    }, 
    {
        "pk": 289, 
        "model": "poll.category", 
        "fields": {
            "error_category": true, 
            "name": "unknown", 
            "color": "", 
            "priority": null, 
            "default": true, 
            "poll": 451, 
            "response": null
        }
    }, 
    {
        "pk": 290, 
        "model": "poll.category", 
        "fields": {
            "error_category": false, 
            "name": "yes", 
            "color": "", 
            "priority": null, 
            "default": false, 
            "poll": 454, 
            "response": null
        }
    }, 
    {
        "pk": 287, 
        "model": "poll.category", 
        "fields": {
            "error_category": false, 
            "name": "yes", 
            "color": "", 
            "priority": null, 
            "default": false, 
            "poll": 451, 
            "response": null
        }
    }, 
    {
        "pk": 284, 
        "model": "poll.category", 
        "fields": {
            "error_category": false, 
            "name": "yes", 
            "color": "", 
            "priority": null, 
            "default": false, 
            "poll": 437, 
            "response": null
        }
    }, 
    {
        "pk": 132, 
        "model": "poll.rule", 
        "fields": {
            "regex": "^\\s*(yes|yeah|yep|yay|y)(\\s|[^a-zA-Z]|$)", 
            "category": 284, 
            "rule_string": "^\\s*(yes|yeah|yep|yay|y)(\\s|[^a-zA-Z]|$)", 
            "rule_type": "r"
        }
    }, 
    {
        "pk": 133, 
        "model": "poll.rule", 
        "fields": {
            "regex": "^\\s*(no|nope|nah|nay|n)(\\s|[^a-zA-Z]|$)", 
            "category": 285, 
            "rule_string": "^\\s*(no|nope|nah|nay|n)(\\s|[^a-zA-Z]|$)", 
            "rule_type": "r"
        }
    }, 
    {
        "pk": 134, 
        "model": "poll.rule", 
        "fields": {
            "regex": "^\\s*(yes|yeah|yep|yay|y)(\\s|[^a-zA-Z]|$)", 
            "category": 287, 
            "rule_string": "^\\s*(yes|yeah|yep|yay|y)(\\s|[^a-zA-Z]|$)", 
            "rule_type": "r"
        }
    }, 
    {
        "pk": 135, 
        "model": "poll.rule", 
        "fields": {
            "regex": "^\\s*(no|nope|nah|nay|n)(\\s|[^a-zA-Z]|$)", 
            "category": 288, 
            "rule_string": "^\\s*(no|nope|nah|nay|n)(\\s|[^a-zA-Z]|$)", 
            "rule_type": "r"
        }
    }, 
    {
        "pk": 136, 
        "model": "poll.rule", 
        "fields": {
            "regex": "^\\s*(yes|yeah|yep|yay|y)(\\s|[^a-zA-Z]|$)", 
            "category": 290, 
            "rule_string": "^\\s*(yes|yeah|yep|yay|y)(\\s|[^a-zA-Z]|$)", 
            "rule_type": "r"
        }
    }, 
    {
        "pk": 137, 
        "model": "poll.rule", 
        "fields": {
            "regex": "^\\s*(no|nope|nah|nay|n)(\\s|[^a-zA-Z]|$)", 
            "category": 291, 
            "rule_string": "^\\s*(no|nope|nah|nay|n)(\\s|[^a-zA-Z]|$)", 
            "rule_type": "r"
        }
    }, 
    {
        "pk": "edtrac_autoreg", 
        "model": "script.script", 
        "fields": {
            "enabled": false, 
            "name": "Education monitoring auto registration script", 
            "sites": [
                1
            ]
        }
    }, 
    {
        "pk": "edtrac_head_teachers_weekly", 
        "model": "script.script", 
        "fields": {
            "enabled": false, 
            "name": "Education monitoring head teachers weekly script", 
            "sites": [
                1
            ]
        }
    }, 
    {
        "pk": "edtrac_smc_termly", 
        "model": "script.script", 
        "fields": {
            "enabled": false, 
            "name": "Education monitoring smc termly script", 
            "sites": [
                1
            ]
        }
    }, 
    {
        "pk": "edtrac_teachers_weekly", 
        "model": "script.script", 
        "fields": {
            "enabled": false, 
            "name": "Education monitoring teachers weekly script", 
            "sites": [
                1
            ]
        }
    }, 
    {
        "pk": "edtrac_head_teachers_termly", 
        "model": "script.script", 
        "fields": {
            "enabled": false, 
            "name": "Education monitoring head teachers termly script", 
            "sites": [
                1
            ]
        }
    }, 
    {
        "pk": "edtrac_gem_monthly", 
        "model": "script.script", 
        "fields": {
            "enabled": false, 
            "name": "Education monitoring gem monthly script", 
            "sites": [
                1
            ]
        }
    }, 
    {
        "pk": "edtrac_smc_weekly", 
        "model": "script.script", 
        "fields": {
            "enabled": false, 
            "name": "Education monitoring smc weekly script", 
            "sites": [
                1
            ]
        }
    }, 
    {
        "pk": "edtrac_head_teachers_monthly", 
        "model": "script.script", 
        "fields": {
            "enabled": false, 
            "name": "Education monitoring head teachers monthly script", 
            "sites": [
                1
            ]
        }
    }, 
    {
        "pk": "edtrac_smc_monthly", 
        "model": "script.script", 
        "fields": {
            "enabled": false, 
            "name": "Education monitoring smc monthly script", 
            "sites": [
                1
            ]
        }
    }, 
    {
        "pk": 445, 
        "model": "script.scriptstep", 
        "fields": {
            "script": "edtrac_teachers_weekly", 
            "retry_offset": 86400, 
            "rule": "R", 
            "email": null, 
            "num_tries": 1, 
            "start_offset": 60, 
            "message": "", 
            "poll": 442, 
            "order": 3, 
            "giveup_offset": 86400
        }
    }, 
    {
        "pk": 446, 
        "model": "script.scriptstep", 
        "fields": {
            "script": "edtrac_teachers_weekly", 
            "retry_offset": 86400, 
            "rule": "R", 
            "email": null, 
            "num_tries": 1, 
            "start_offset": 60, 
            "message": "", 
            "poll": 443, 
            "order": 4, 
            "giveup_offset": 86400
        }
    }, 
    {
        "pk": 447, 
        "model": "script.scriptstep", 
        "fields": {
            "script": "edtrac_teachers_weekly", 
            "retry_offset": 86400, 
            "rule": "R", 
            "email": null, 
            "num_tries": 1, 
            "start_offset": 60, 
            "message": "", 
            "poll": 444, 
            "order": 5, 
            "giveup_offset": 86400
        }
    }, 
    {
        "pk": 448, 
        "model": "script.scriptstep", 
        "fields": {
            "script": "edtrac_head_teachers_termly", 
            "retry_offset": 86400, 
            "rule": "R", 
            "email": null, 
            "num_tries": 1, 
            "start_offset": 60, 
            "message": "", 
            "poll": 445, 
            "order": 0, 
            "giveup_offset": 86400
        }
    }, 
    {
        "pk": 449, 
        "model": "script.scriptstep", 
        "fields": {
            "script": "edtrac_head_teachers_termly", 
            "retry_offset": 86400, 
            "rule": "R", 
            "email": null, 
            "num_tries": 1, 
            "start_offset": 60, 
            "message": "", 
            "poll": 446, 
            "order": 1, 
            "giveup_offset": 86400
        }
    }, 
    {
        "pk": 450, 
        "model": "script.scriptstep", 
        "fields": {
            "script": "edtrac_head_teachers_termly", 
            "retry_offset": 86400, 
            "rule": "R", 
            "email": null, 
            "num_tries": 1, 
            "start_offset": 60, 
            "message": "", 
            "poll": 447, 
            "order": 2, 
            "giveup_offset": 86400
        }
    }, 
    {
        "pk": 451, 
        "model": "script.scriptstep", 
        "fields": {
            "script": "edtrac_head_teachers_termly", 
            "retry_offset": 86400, 
            "rule": "R", 
            "email": null, 
            "num_tries": 1, 
            "start_offset": 60, 
            "message": "", 
            "poll": 448, 
            "order": 3, 
            "giveup_offset": 86400
        }
    }, 
    {
        "pk": 452, 
        "model": "script.scriptstep", 
        "fields": {
            "script": "edtrac_head_teachers_termly", 
            "retry_offset": 86400, 
            "rule": "R", 
            "email": null, 
            "num_tries": 1, 
            "start_offset": 60, 
            "message": "", 
            "poll": 449, 
            "order": 4, 
            "giveup_offset": 86400
        }
    }, 
    {
        "pk": 430, 
        "model": "script.scriptstep", 
        "fields": {
            "script": "edtrac_autoreg", 
            "retry_offset": 86400, 
            "rule": "R", 
            "email": null, 
            "num_tries": 1, 
            "start_offset": 0, 
            "message": "", 
            "poll": 428, 
            "order": 0, 
            "giveup_offset": 86400
        }
    }, 
    {
        "pk": 431, 
        "model": "script.scriptstep", 
        "fields": {
            "script": "edtrac_autoreg", 
            "retry_offset": 86400, 
            "rule": "R", 
            "email": null, 
            "num_tries": 1, 
            "start_offset": 0, 
            "message": "", 
            "poll": 429, 
            "order": 1, 
            "giveup_offset": 86400
        }
    }, 
    {
        "pk": 432, 
        "model": "script.scriptstep", 
        "fields": {
            "script": "edtrac_autoreg", 
            "retry_offset": 86400, 
            "rule": "R", 
            "email": null, 
            "num_tries": 1, 
            "start_offset": 0, 
            "message": "", 
            "poll": 430, 
            "order": 2, 
            "giveup_offset": 86400
        }
    }, 
    {
        "pk": 433, 
        "model": "script.scriptstep", 
        "fields": {
            "script": "edtrac_autoreg", 
            "retry_offset": 86400, 
            "rule": "M", 
            "email": null, 
            "num_tries": 1, 
            "start_offset": 0, 
            "message": "", 
            "poll": 431, 
            "order": 3, 
            "giveup_offset": 86400
        }
    }, 
    {
        "pk": 434, 
        "model": "script.scriptstep", 
        "fields": {
            "script": "edtrac_autoreg", 
            "retry_offset": 86400, 
            "rule": "R", 
            "email": null, 
            "num_tries": 1, 
            "start_offset": 0, 
            "message": "", 
            "poll": 432, 
            "order": 4, 
            "giveup_offset": 86400
        }
    }, 
    {
        "pk": 435, 
        "model": "script.scriptstep", 
        "fields": {
            "script": "edtrac_autoreg", 
            "retry_offset": 86400, 
            "rule": "R", 
            "email": null, 
            "num_tries": 1, 
            "start_offset": 0, 
            "message": "", 
            "poll": 433, 
            "order": 5, 
            "giveup_offset": 86400
        }
    }, 
    {
        "pk": 453, 
        "model": "script.scriptstep", 
        "fields": {
            "script": "edtrac_head_teachers_termly", 
            "retry_offset": 86400, 
            "rule": "R", 
            "email": null, 
            "num_tries": 1, 
            "start_offset": 60, 
            "message": "", 
            "poll": 450, 
            "order": 5, 
            "giveup_offset": 86400
        }
    }, 
    {
        "pk": 454, 
        "model": "script.scriptstep", 
        "fields": {
            "script": "edtrac_head_teachers_termly", 
            "retry_offset": 86400, 
            "rule": "R", 
            "email": null, 
            "num_tries": 1, 
            "start_offset": 60, 
            "message": "", 
            "poll": 451, 
            "order": 6, 
            "giveup_offset": 86400
        }
    }, 
    {
        "pk": 436, 
        "model": "script.scriptstep", 
        "fields": {
            "script": "edtrac_autoreg", 
            "retry_offset": 86400, 
            "rule": "R", 
            "email": null, 
            "num_tries": 1, 
            "start_offset": 60, 
            "message": "", 
            "poll": 434, 
            "order": 6, 
            "giveup_offset": 86400
        }
    }, 
    {
        "pk": 455, 
        "model": "script.scriptstep", 
        "fields": {
            "script": "edtrac_gem_monthly", 
            "retry_offset": 86400, 
            "rule": "R", 
            "email": null, 
            "num_tries": 1, 
            "start_offset": 60, 
            "message": "", 
            "poll": 452, 
            "order": 0, 
            "giveup_offset": 86400
        }
    }, 
    {
        "pk": 456, 
        "model": "script.scriptstep", 
        "fields": {
            "script": "edtrac_gem_monthly", 
            "retry_offset": 86400, 
            "rule": "R", 
            "email": null, 
            "num_tries": 1, 
            "start_offset": 60, 
            "message": "", 
            "poll": 453, 
            "order": 1, 
            "giveup_offset": 86400
        }
    }, 
    {
        "pk": 437, 
        "model": "script.scriptstep", 
        "fields": {
            "script": "edtrac_autoreg", 
            "retry_offset": null, 
            "rule": "w", 
            "email": null, 
            "num_tries": null, 
            "start_offset": 60, 
            "message": "Welcome EdTrac.The information you shall provide contributes to keeping children in school.", 
            "poll": null, 
            "order": 7, 
            "giveup_offset": 0
        }
    }, 
    {
        "pk": 457, 
        "model": "script.scriptstep", 
        "fields": {
            "script": "edtrac_smc_weekly", 
            "retry_offset": 86400, 
            "rule": "R", 
            "email": null, 
            "num_tries": 1, 
            "start_offset": 60, 
            "message": "", 
            "poll": 454, 
            "order": 0, 
            "giveup_offset": 86400
        }
    }, 
    {
        "pk": 438, 
        "model": "script.scriptstep", 
        "fields": {
            "script": "edtrac_head_teachers_weekly", 
            "retry_offset": 86400, 
            "rule": "R", 
            "email": null, 
            "num_tries": 1, 
            "start_offset": 60, 
            "message": "", 
            "poll": 435, 
            "order": 0, 
            "giveup_offset": 86400
        }
    }, 
    {
        "pk": 439, 
        "model": "script.scriptstep", 
        "fields": {
            "script": "edtrac_head_teachers_weekly", 
            "retry_offset": 86400, 
            "rule": "R", 
            "email": null, 
            "num_tries": 1, 
            "start_offset": 60, 
            "message": "", 
            "poll": 436, 
            "order": 1, 
            "giveup_offset": 86400
        }
    }, 
    {
        "pk": 440, 
        "model": "script.scriptstep", 
        "fields": {
            "script": "edtrac_smc_termly", 
            "retry_offset": 86400, 
            "rule": "R", 
            "email": null, 
            "num_tries": 1, 
            "start_offset": 60, 
            "message": "", 
            "poll": 437, 
            "order": 0, 
            "giveup_offset": 86400
        }
    }, 
    {
        "pk": 441, 
        "model": "script.scriptstep", 
        "fields": {
            "script": "edtrac_smc_termly", 
            "retry_offset": 86400, 
            "rule": "R", 
            "email": null, 
            "num_tries": 1, 
            "start_offset": 60, 
            "message": "", 
            "poll": 438, 
            "order": 1, 
            "giveup_offset": 86400
        }
    }, 
    {
        "pk": 442, 
        "model": "script.scriptstep", 
        "fields": {
            "script": "edtrac_teachers_weekly", 
            "retry_offset": 86400, 
            "rule": "R", 
            "email": null, 
            "num_tries": 1, 
            "start_offset": 60, 
            "message": "", 
            "poll": 439, 
            "order": 0, 
            "giveup_offset": 86400
        }
    }, 
    {
        "pk": 443, 
        "model": "script.scriptstep", 
        "fields": {
            "script": "edtrac_teachers_weekly", 
            "retry_offset": 86400, 
            "rule": "R", 
            "email": null, 
            "num_tries": 1, 
            "start_offset": 60, 
            "message": "", 
            "poll": 440, 
            "order": 1, 
            "giveup_offset": 86400
        }
    }, 
    {
        "pk": 444, 
        "model": "script.scriptstep", 
        "fields": {
            "script": "edtrac_teachers_weekly", 
            "retry_offset": 86400, 
            "rule": "R", 
            "email": null, 
            "num_tries": 1, 
            "start_offset": 60, 
            "message": "", 
            "poll": 441, 
            "order": 2, 
            "giveup_offset": 86400
        }
    }, 
    {
        "pk": 458, 
        "model": "script.scriptstep", 
        "fields": {
            "script": "edtrac_head_teachers_monthly", 
            "retry_offset": 86400, 
            "rule": "R", 
            "email": null, 
            "num_tries": 1, 
            "start_offset": 60, 
            "message": "", 
            "poll": 455, 
            "order": 0, 
            "giveup_offset": 86400
        }
    }, 
    {
        "pk": 459, 
        "model": "script.scriptstep", 
        "fields": {
            "script": "edtrac_head_teachers_monthly", 
            "retry_offset": 86400, 
            "rule": "R", 
            "email": null, 
            "num_tries": 1, 
            "start_offset": 60, 
            "message": "", 
            "poll": 456, 
            "order": 1, 
            "giveup_offset": 86400
        }
    }, 
    {
        "pk": 460, 
        "model": "script.scriptstep", 
        "fields": {
            "script": "edtrac_smc_monthly", 
            "retry_offset": 86400, 
            "rule": "R", 
            "email": null, 
            "num_tries": 1, 
            "start_offset": 60, 
            "message": "", 
            "poll": 457, 
            "order": 0, 
            "giveup_offset": 86400
        }
    }, 
    {
        "pk": 1, 
        "model": "script.email", 
        "fields": {
            "message": "{% load message_content %}{{ connection|excel_reminder_msg }}{{ connection|outstanding_deliveries_msg }}", 
            "sender": "no-reply@uganda.rapidsms.org", 
            "recipients": [
                1
            ], 
            "subject": "{% load message_content %}SupplyTracking: {{ connection|email_subject }}"
        }
    }, 
    {
        "pk": 4, 
        "model": "sites.site", 
        "fields": {
            "domain": "cvs.rapidsms.org", 
            "name": "CVS (Community Vulnerability Surveillance)"
        }
    }, 
    {
        "pk": 5, 
        "model": "sites.site", 
        "fields": {
            "domain": "edtrac.unicefuganda.org", 
            "name": ""
        }
    }, 
    {
        "pk": 1, 
        "model": "sites.site", 
        "fields": {
            "domain": "example.com", 
            "name": "example.com"
        }
    }, 
    {
        "pk": 3, 
        "model": "sites.site", 
        "fields": {
            "domain": "status160.rapidsms.org", 
            "name": "status160"
        }
    }, 
    {
        "pk": 2, 
        "model": "sites.site", 
        "fields": {
            "domain": "ureport.rapidsms.org", 
            "name": "uReport"
        }
    }
]