[
    {
        "pk": 113, 
        "model": "auth.group", 
        "fields": {
            "name": "Admins", 
            "permissions": []
        }
    }, 
    {
        "pk": 49, 
        "model": "auth.group", 
        "fields": {
            "name": "Services Providers", 
            "permissions": []
        }
    }, 
    {
        "pk": 104, 
        "model": "auth.group", 
        "fields": {
            "name": "Teachers", 
            "permissions": []
        }
    }, 
    {
        "pk": 105, 
        "model": "auth.group", 
        "fields": {
            "name": "Head Teachers", 
            "permissions": []
        }
    }, 
    {
        "pk": 106, 
        "model": "auth.group", 
        "fields": {
            "name": "SMC", 
            "permissions": []
        }
    }, 
    {
        "pk": 107, 
        "model": "auth.group", 
        "fields": {
            "name": "GEM", 
            "permissions": []
        }
    }, 
    {
        "pk": 108, 
        "model": "auth.group", 
        "fields": {
            "name": "CCT", 
            "permissions": []
        }
    }, 
    {
        "pk": 109, 
        "model": "auth.group", 
        "fields": {
            "name": "DEO", 
            "permissions": []
        }
    }, 
    {
        "pk": 110, 
        "model": "auth.group", 
        "fields": {
            "name": "District Officials", 
            "permissions": []
        }
    }, 
    {
        "pk": 111, 
        "model": "auth.group", 
        "fields": {
            "name": "Other Reporters", 
            "permissions": []
        }
    }, 
    {
        "pk": 112, 
        "model": "auth.group", 
        "fields": {
            "name": "DFO", 
            "permissions": []
        }
    }, 
    {
        "pk": 114, 
        "model": "auth.group", 
        "fields": {
            "name": "Ministry Officials", 
            "permissions": []
        }
    }, 
    {
        "pk": 115, 
        "model": "auth.group", 
        "fields": {
            "name": "UNICEF Officials", 
            "permissions": []
        }
    }, 
    {
        "pk": 488, 
        "model": "poll.poll", 
        "fields": {
            "default_response": "", 
            "name": "edtrac_role", 
            "end_date": null, 
            "contacts": [], 
            "messages": [], 
            "question": "Thank you for participating in EdTrac. What is your role? Choose ONE: Teacher, Head Teacher, SMC, GEM", 
            "sites": [
                5
            ], 
            "user": 1, 
            "type": "t", 
            "start_date": null, 
            "response_type": "a"
        }
    }, 
    {
        "pk": 489, 
        "model": "poll.poll", 
        "fields": {
            "default_response": "", 
            "name": "edtrac_gender", 
            "end_date": null, 
            "contacts": [], 
            "messages": [], 
            "question": "Are you female or male?", 
            "sites": [
                5
            ], 
            "user": 1, 
            "type": "t", 
            "start_date": null, 
            "response_type": "a"
        }
    }, 
    {
        "pk": 490, 
        "model": "poll.poll", 
        "fields": {
            "default_response": "", 
            "name": "edtrac_class", 
            "end_date": null, 
            "contacts": [], 
            "messages": [], 
            "question": "Which class do you teach? P3 or P6", 
            "sites": [
                5
            ], 
            "user": 1, 
            "type": "t", 
            "start_date": null, 
            "response_type": "a"
        }
    }, 
    {
        "pk": 491, 
        "model": "poll.poll", 
        "fields": {
            "default_response": "", 
            "name": "edtrac_district", 
            "end_date": null, 
            "contacts": [], 
            "messages": [], 
            "question": "What is the name of your district?", 
            "sites": [
                5
            ], 
            "user": 1, 
            "type": "l", 
            "start_date": null, 
            "response_type": "a"
        }
    }, 
    {
        "pk": 492, 
        "model": "poll.poll", 
        "fields": {
            "default_response": "", 
            "name": "edtrac_subcounty", 
            "end_date": null, 
            "contacts": [], 
            "messages": [], 
            "question": "What is the name of your sub county?", 
            "sites": [
                5
            ], 
            "user": 1, 
            "type": "t", 
            "start_date": null, 
            "response_type": "a"
        }
    }, 
    {
        "pk": 493, 
        "model": "poll.poll", 
        "fields": {
            "default_response": "", 
            "name": "edtrac_school", 
            "end_date": null, 
            "contacts": [], 
            "messages": [], 
            "question": "What is the name of your school?", 
            "sites": [
                5
            ], 
            "user": 1, 
            "type": "t", 
            "start_date": null, 
            "response_type": "a"
        }
    }, 
    {
        "pk": 494, 
        "model": "poll.poll", 
        "fields": {
            "default_response": "", 
            "name": "edtrac_name", 
            "end_date": null, 
            "contacts": [], 
            "messages": [], 
            "question": "What is your name?", 
            "sites": [
                5
            ], 
            "user": 1, 
            "type": "t", 
            "start_date": null, 
            "response_type": "a"
        }
    }, 
    {
        "pk": 495, 
        "model": "poll.poll", 
        "fields": {
            "default_response": "", 
            "name": "edtrac_f_teachers_attendance", 
            "end_date": null, 
            "contacts": [], 
            "messages": [], 
            "question": "How many female teachers are at school today?", 
            "sites": [
                5
            ], 
            "user": 1, 
            "type": "n", 
            "start_date": null, 
            "response_type": "a"
        }
    }, 
    {
        "pk": 496, 
        "model": "poll.poll", 
        "fields": {
            "default_response": "", 
            "name": "edtrac_m_teachers_attendance", 
            "end_date": null, 
            "contacts": [], 
            "messages": [], 
            "question": "How many male teachers are at school today?", 
            "sites": [
                5
            ], 
            "user": 1, 
            "type": "n", 
            "start_date": null, 
            "response_type": "a"
        }
    }, 
    {
        "pk": 497, 
        "model": "poll.poll", 
        "fields": {
            "default_response": "", 
            "name": "edtrac_smc_upe_grant", 
            "end_date": null, 
            "contacts": [], 
            "messages": [], 
            "question": "Has UPE capitation grant been displayed on the school notice board? Answer YES or NO", 
            "sites": [
                5
            ], 
            "user": 1, 
            "type": "t", 
            "start_date": null, 
            "response_type": "a"
        }
    }, 
    {
        "pk": 498, 
        "model": "poll.poll", 
        "fields": {
            "default_response": "", 
            "name": "edtrac_smc_meetings", 
            "end_date": null, 
            "contacts": [], 
            "messages": [], 
            "question": "How many SMC meetings have you held this term? Give number of meetings held, if none, reploy 0.", 
            "sites": [
                5
            ], 
            "user": 1, 
            "type": "n", 
            "start_date": null, 
            "response_type": "a"
        }
    }, 
    {
        "pk": 499, 
        "model": "poll.poll", 
        "fields": {
            "default_response": "", 
            "name": "edtrac_boysp3_attendance", 
            "end_date": null, 
            "contacts": [], 
            "messages": [], 
            "question": "How many P3 boys are at school today?", 
            "sites": [
                5
            ], 
            "user": 1, 
            "type": "n", 
            "start_date": null, 
            "response_type": "a"
        }
    }, 
    {
        "pk": 500, 
        "model": "poll.poll", 
        "fields": {
            "default_response": "", 
            "name": "edtrac_boysp6_attendance", 
            "end_date": null, 
            "contacts": [], 
            "messages": [], 
            "question": "How many P6 boys are at school today?", 
            "sites": [
                5
            ], 
            "user": 1, 
            "type": "n", 
            "start_date": null, 
            "response_type": "a"
        }
    }, 
    {
        "pk": 501, 
        "model": "poll.poll", 
        "fields": {
            "default_response": "", 
            "name": "edtrac_girlsp3_attendance", 
            "end_date": null, 
            "contacts": [], 
            "messages": [], 
            "question": "How many P3 girls are at school today?", 
            "sites": [
                5
            ], 
            "user": 1, 
            "type": "n", 
            "start_date": null, 
            "response_type": "a"
        }
    }, 
    {
        "pk": 502, 
        "model": "poll.poll", 
        "fields": {
            "default_response": "", 
            "name": "edtrac_girlsp6_attendance", 
            "end_date": null, 
            "contacts": [], 
            "messages": [], 
            "question": "How many P6 girls are at school today?", 
            "sites": [
                5
            ], 
            "user": 1, 
            "type": "n", 
            "start_date": null, 
            "response_type": "a"
        }
    }, 
    {
        "pk": 503, 
        "model": "poll.poll", 
        "fields": {
            "default_response": "", 
            "name": "edtrac_p3curriculum_progress", 
            "end_date": null, 
            "contacts": [], 
            "messages": [], 
            "question": "What sub theme number you were teaching this week? (P3) ", 
            "sites": [
                5
            ], 
            "user": 1, 
            "type": "n", 
            "start_date": null, 
            "response_type": "a"
        }
    }, 
    {
        "pk": 504, 
        "model": "poll.poll", 
        "fields": {
            "default_response": "", 
            "name": "edtrac_p3curriculum_progress", 
            "end_date": null, 
            "contacts": [], 
            "messages": [], 
            "question": "What sub theme number of the P3 Literacy curriculum are you teaching this week? ", 
            "sites": [
                5
            ], 
            "user": 1, 
            "type": "t", 
            "start_date": null, 
            "response_type": "a"
        }
    }, 
    {
        "pk": 505, 
        "model": "poll.poll", 
        "fields": {
            "default_response": "", 
            "name": "edtrac_boysp3_enrollment", 
            "end_date": null, 
            "contacts": [], 
            "messages": [], 
            "question": "How many boys are enrolled in P3 this term?", 
            "sites": [
                5
            ], 
            "user": 1, 
            "type": "n", 
            "start_date": null, 
            "response_type": "a"
        }
    }, 
    {
        "pk": 506, 
        "model": "poll.poll", 
        "fields": {
            "default_response": "", 
            "name": "edtrac_boysp6_enrollment", 
            "end_date": null, 
            "contacts": [], 
            "messages": [], 
            "question": "How many boys are enrolled in P6 this term?", 
            "sites": [
                5
            ], 
            "user": 1, 
            "type": "n", 
            "start_date": null, 
            "response_type": "a"
        }
    }, 
    {
        "pk": 507, 
        "model": "poll.poll", 
        "fields": {
            "default_response": "", 
            "name": "edtrac_girlsp3_enrollment", 
            "end_date": null, 
            "contacts": [], 
            "messages": [], 
            "question": "How many girls are enrolled in P3 this term?", 
            "sites": [
                5
            ], 
            "user": 1, 
            "type": "n", 
            "start_date": null, 
            "response_type": "a"
        }
    }, 
    {
        "pk": 508, 
        "model": "poll.poll", 
        "fields": {
            "default_response": "", 
            "name": "edtrac_gem_headteacher_present", 
            "end_date": null, 
            "contacts": [], 
            "messages": [], 
            "question": "Name the schools where the Head teacher was present at your last visit? Separate schools with a comma e.g St Peters PS, St John PS", 
            "sites": [
                5
            ], 
            "user": 1, 
            "type": "t", 
            "start_date": null, 
            "response_type": "a"
        }
    }, 
    {
        "pk": 509, 
        "model": "poll.poll", 
        "fields": {
            "default_response": "", 
            "name": "edtrac_gem_headteacher_absent", 
            "end_date": null, 
            "contacts": [], 
            "messages": [], 
            "question": "Name the schools where the Head teacher was absent at your last visit? Separate schools with a comma e.g St Peters PS, St John PS", 
            "sites": [
                5
            ], 
            "user": 1, 
            "type": "t", 
            "start_date": null, 
            "response_type": "a"
        }
    }, 
    {
        "pk": 510, 
        "model": "poll.poll", 
        "fields": {
            "default_response": "", 
            "name": "edtrac_head_teachers_attendance", 
            "end_date": null, 
            "contacts": [], 
            "messages": [], 
            "question": "Has the head teacher been at school for at least 3 days? Answer YES or NO", 
            "sites": [
                5
            ], 
            "user": 1, 
            "type": "t", 
            "start_date": null, 
            "response_type": "a"
        }
    }, 
    {
        "pk": 511, 
        "model": "poll.poll", 
        "fields": {
            "default_response": "", 
            "name": "edtrac_headteachers_abuse", 
            "end_date": null, 
            "contacts": [], 
            "messages": [], 
            "question": "How many abuse cases were recorded in the record book this month?", 
            "sites": [
                5
            ], 
            "user": 1, 
            "type": "n", 
            "start_date": null, 
            "response_type": "a"
        }
    }, 
    {
        "pk": 512, 
        "model": "poll.poll", 
        "fields": {
            "default_response": "", 
            "name": "edtrac_headteachers_meals", 
            "end_date": null, 
            "contacts": [], 
            "messages": [], 
            "question": "How many children do you think had lunch today? Reply with ONE of the following; 0%, 25%, 50%, 75% or 100%", 
            "sites": [
                5
            ], 
            "user": 1, 
            "type": "n",
            "start_date": null, 
            "response_type": "a"
        }
    }, 
    {
        "pk": 513, 
        "model": "poll.poll", 
        "fields": {
            "default_response": "", 
            "name": "edtrac_smc_meals", 
            "end_date": null, 
            "contacts": [], 
            "messages": [], 
            "question": "How many children do you think had lunch today? Reply with ONE of the following; 0%, 25%, 50%, 75% or 100%", 
            "sites": [
                5
            ], 
            "user": 1, 
            "type": "n",
            "start_date": null, 
            "response_type": "a"
        }
    }, 
    {
        "pk": 303, 
        "model": "poll.category", 
        "fields": {
            "error_category": false, 
            "name": "no", 
            "color": "", 
            "priority": null, 
            "default": false, 
            "poll": 497, 
            "response": null
        }
    }, 
    {
        "pk": 306, 
        "model": "poll.category", 
        "fields": {
            "error_category": false, 
            "name": "no", 
            "color": "", 
            "priority": null, 
            "default": false, 
            "poll": 510, 
            "response": null
        }
    }, 
    {
        "pk": 304, 
        "model": "poll.category", 
        "fields": {
            "error_category": true, 
            "name": "unknown", 
            "color": "", 
            "priority": null, 
            "default": true, 
            "poll": 497, 
            "response": null
        }
    }, 
    {
        "pk": 307, 
        "model": "poll.category", 
        "fields": {
            "error_category": true, 
            "name": "unknown", 
            "color": "", 
            "priority": null, 
            "default": true, 
            "poll": 510, 
            "response": null
        }
    }, 
    {
        "pk": 302, 
        "model": "poll.category", 
        "fields": {
            "error_category": false, 
            "name": "yes", 
            "color": "", 
            "priority": null, 
            "default": false, 
            "poll": 497, 
            "response": null
        }
    }, 
    {
        "pk": 305, 
        "model": "poll.category", 
        "fields": {
            "error_category": false, 
            "name": "yes", 
            "color": "", 
            "priority": null, 
            "default": false, 
            "poll": 510, 
            "response": null
        }
    }, 
    {
        "pk": 144, 
        "model": "poll.rule", 
        "fields": {
            "regex": "^\\s*(yes|yeah|yep|yay|y)(\\s|[^a-zA-Z]|$)", 
            "category": 302, 
            "rule_string": "^\\s*(yes|yeah|yep|yay|y)(\\s|[^a-zA-Z]|$)", 
            "rule_type": "r"
        }
    }, 
    {
        "pk": 145, 
        "model": "poll.rule", 
        "fields": {
            "regex": "^\\s*(no|nope|nah|nay|n)(\\s|[^a-zA-Z]|$)", 
            "category": 303, 
            "rule_string": "^\\s*(no|nope|nah|nay|n)(\\s|[^a-zA-Z]|$)", 
            "rule_type": "r"
        }
    }, 
    {
        "pk": 146, 
        "model": "poll.rule", 
        "fields": {
            "regex": "^\\s*(yes|yeah|yep|yay|y)(\\s|[^a-zA-Z]|$)", 
            "category": 305, 
            "rule_string": "^\\s*(yes|yeah|yep|yay|y)(\\s|[^a-zA-Z]|$)", 
            "rule_type": "r"
        }
    }, 
    {
        "pk": 147, 
        "model": "poll.rule", 
        "fields": {
            "regex": "^\\s*(no|nope|nah|nay|n)(\\s|[^a-zA-Z]|$)", 
            "category": 306, 
            "rule_string": "^\\s*(no|nope|nah|nay|n)(\\s|[^a-zA-Z]|$)", 
            "rule_type": "r"
        }
    }, 
    {
        "pk": "edtrac_autoreg", 
        "model": "script.script", 
        "fields": {
            "enabled": false, 
            "name": "Education monitoring auto registration script", 
            "sites": [
                5
            ]
        }
    }, 
    {
        "pk": "edtrac_head_teachers_weekly", 
        "model": "script.script", 
        "fields": {
            "enabled": false, 
            "name": "Education monitoring head teachers weekly script", 
            "sites": [
                5
            ]
        }
    }, 
    {
        "pk": "edtrac_smc_termly", 
        "model": "script.script", 
        "fields": {
            "enabled": false, 
            "name": "Education monitoring smc termly script", 
            "sites": [
                5
            ]
        }
    }, 
    {
        "pk": "edtrac_teachers_weekly", 
        "model": "script.script", 
        "fields": {
            "enabled": false, 
            "name": "Education monitoring teachers weekly script", 
            "sites": [
                5
            ]
        }
    }, 
    {
        "pk": "edtrac_head_teachers_termly", 
        "model": "script.script", 
        "fields": {
            "enabled": false, 
            "name": "Education monitoring head teachers termly script", 
            "sites": [
                5
            ]
        }
    }, 
    {
        "pk": "edtrac_gem_monthly", 
        "model": "script.script", 
        "fields": {
            "enabled": false, 
            "name": "Education monitoring gem monthly script", 
            "sites": [
                5
            ]
        }
    }, 
    {
        "pk": "edtrac_smc_weekly", 
        "model": "script.script", 
        "fields": {
            "enabled": false, 
            "name": "Education monitoring smc weekly script", 
            "sites": [
                5
            ]
        }
    }, 
    {
        "pk": "edtrac_head_teachers_monthly", 
        "model": "script.script", 
        "fields": {
            "enabled": false, 
            "name": "Education monitoring head teachers monthly script", 
            "sites": [
                5
            ]
        }
    }, 
    {
        "pk": "edtrac_smc_monthly", 
        "model": "script.script", 
        "fields": {
            "enabled": false, 
            "name": "Education monitoring smc monthly script", 
            "sites": [
                5
            ]
        }
    }, 
    {
        "pk": 513, 
        "model": "script.scriptstep", 
        "fields": {
            "script": "edtrac_gem_monthly", 
            "retry_offset": 86400, 
            "rule": "R", 
            "email": null, 
            "num_tries": 1, 
            "start_offset": 60, 
            "message": "", 
            "poll": 509, 
            "order": 1, 
            "giveup_offset": 86400
        }
    }, 
    {
        "pk": 492, 
        "model": "script.scriptstep", 
        "fields": {
            "script": "edtrac_autoreg", 
            "retry_offset": 86400, 
            "rule": "R", 
            "email": null, 
            "num_tries": 1, 
            "start_offset": 0, 
            "message": "", 
            "poll": 488, 
            "order": 0, 
            "giveup_offset": 86400
        }
    }, 
    {
        "pk": 493, 
        "model": "script.scriptstep", 
        "fields": {
            "script": "edtrac_autoreg", 
            "retry_offset": 86400, 
            "rule": "R", 
            "email": null, 
            "num_tries": 1, 
            "start_offset": 0, 
            "message": "", 
            "poll": 489, 
            "order": 1, 
            "giveup_offset": 86400
        }
    }, 
    {
        "pk": 494, 
        "model": "script.scriptstep", 
        "fields": {
            "script": "edtrac_autoreg", 
            "retry_offset": 86400, 
            "rule": "R", 
            "email": null, 
            "num_tries": 1, 
            "start_offset": 0, 
            "message": "", 
            "poll": 490, 
            "order": 2, 
            "giveup_offset": 86400
        }
    }, 
    {
        "pk": 495, 
        "model": "script.scriptstep", 
        "fields": {
            "script": "edtrac_autoreg", 
            "retry_offset": 86400, 
            "rule": "M", 
            "email": null, 
            "num_tries": 1, 
            "start_offset": 0, 
            "message": "", 
            "poll": 491, 
            "order": 3, 
            "giveup_offset": 86400
        }
    }, 
    {
        "pk": 496, 
        "model": "script.scriptstep", 
        "fields": {
            "script": "edtrac_autoreg", 
            "retry_offset": 86400, 
            "rule": "R", 
            "email": null, 
            "num_tries": 1, 
            "start_offset": 0, 
            "message": "", 
            "poll": 492, 
            "order": 4, 
            "giveup_offset": 86400
        }
    }, 
    {
        "pk": 497, 
        "model": "script.scriptstep", 
        "fields": {
            "script": "edtrac_autoreg", 
            "retry_offset": 86400, 
            "rule": "R", 
            "email": null, 
            "num_tries": 1, 
            "start_offset": 0, 
            "message": "", 
            "poll": 493, 
            "order": 5, 
            "giveup_offset": 86400
        }
    }, 
    {
        "pk": 514, 
        "model": "script.scriptstep", 
        "fields": {
            "script": "edtrac_smc_weekly", 
            "retry_offset": 86400, 
            "rule": "R", 
            "email": null, 
            "num_tries": 1, 
            "start_offset": 60, 
            "message": "", 
            "poll": 510, 
            "order": 0, 
            "giveup_offset": 86400
        }
    }, 
    {
        "pk": 498, 
        "model": "script.scriptstep", 
        "fields": {
            "script": "edtrac_autoreg", 
            "retry_offset": 86400, 
            "rule": "R", 
            "email": null, 
            "num_tries": 1, 
            "start_offset": 60, 
            "message": "", 
            "poll": 494, 
            "order": 6, 
            "giveup_offset": 86400
        }
    }, 
    {
        "pk": 499, 
        "model": "script.scriptstep", 
        "fields": {
            "script": "edtrac_autoreg", 
            "retry_offset": null, 
            "rule": "w", 
            "email": null, 
            "num_tries": null, 
            "start_offset": 60, 
            "message": "Welcome EdTrac.The information you shall provide contributes to keeping children in school.", 
            "poll": null, 
            "order": 7, 
            "giveup_offset": 0
        }
    }, 
    {
        "pk": 500, 
        "model": "script.scriptstep", 
        "fields": {
            "script": "edtrac_head_teachers_weekly", 
            "retry_offset": 86400, 
            "rule": "R", 
            "email": null, 
            "num_tries": 1, 
            "start_offset": 60, 
            "message": "", 
            "poll": 495, 
            "order": 0, 
            "giveup_offset": 86400
        }
    }, 
    {
        "pk": 501, 
        "model": "script.scriptstep", 
        "fields": {
            "script": "edtrac_head_teachers_weekly", 
            "retry_offset": 86400, 
            "rule": "R", 
            "email": null, 
            "num_tries": 1, 
            "start_offset": 60, 
            "message": "", 
            "poll": 496, 
            "order": 1, 
            "giveup_offset": 86400
        }
    }, 
    {
        "pk": 502, 
        "model": "script.scriptstep", 
        "fields": {
            "script": "edtrac_smc_termly", 
            "retry_offset": 86400, 
            "rule": "R", 
            "email": null, 
            "num_tries": 1, 
            "start_offset": 60, 
            "message": "", 
            "poll": 497, 
            "order": 0, 
            "giveup_offset": 86400
        }
    }, 
    {
        "pk": 503, 
        "model": "script.scriptstep", 
        "fields": {
            "script": "edtrac_smc_termly", 
            "retry_offset": 86400, 
            "rule": "R", 
            "email": null, 
            "num_tries": 1, 
            "start_offset": 60, 
            "message": "", 
            "poll": 498, 
            "order": 1, 
            "giveup_offset": 86400
        }
    }, 
    {
        "pk": 515, 
        "model": "script.scriptstep", 
        "fields": {
            "script": "edtrac_head_teachers_monthly", 
            "retry_offset": 86400, 
            "rule": "R", 
            "email": null, 
            "num_tries": 1, 
            "start_offset": 60, 
            "message": "", 
            "poll": 511, 
            "order": 0, 
            "giveup_offset": 86400
        }
    }, 
    {
        "pk": 504, 
        "model": "script.scriptstep", 
        "fields": {
            "script": "edtrac_teachers_weekly", 
            "retry_offset": 86400, 
            "rule": "R", 
            "email": null, 
            "num_tries": 1, 
            "start_offset": 60, 
            "message": "", 
            "poll": 499, 
            "order": 0, 
            "giveup_offset": 86400
        }
    }, 
    {
        "pk": 505, 
        "model": "script.scriptstep", 
        "fields": {
            "script": "edtrac_teachers_weekly", 
            "retry_offset": 86400, 
            "rule": "R", 
            "email": null, 
            "num_tries": 1, 
            "start_offset": 60, 
            "message": "", 
            "poll": 500, 
            "order": 1, 
            "giveup_offset": 86400
        }
    }, 
    {
        "pk": 516, 
        "model": "script.scriptstep", 
        "fields": {
            "script": "edtrac_head_teachers_monthly", 
            "retry_offset": 86400, 
            "rule": "R", 
            "email": null, 
            "num_tries": 1, 
            "start_offset": 60, 
            "message": "", 
            "poll": 512, 
            "order": 1, 
            "giveup_offset": 86400
        }
    }, 
    {
        "pk": 506, 
        "model": "script.scriptstep", 
        "fields": {
            "script": "edtrac_teachers_weekly", 
            "retry_offset": 86400, 
            "rule": "R", 
            "email": null, 
            "num_tries": 1, 
            "start_offset": 60, 
            "message": "", 
            "poll": 501, 
            "order": 2, 
            "giveup_offset": 86400
        }
    }, 
    {
        "pk": 507, 
        "model": "script.scriptstep", 
        "fields": {
            "script": "edtrac_teachers_weekly", 
            "retry_offset": 86400, 
            "rule": "R", 
            "email": null, 
            "num_tries": 1, 
            "start_offset": 60, 
            "message": "", 
            "poll": 502, 
            "order": 3, 
            "giveup_offset": 86400
        }
    }, 
    {
        "pk": 508, 
        "model": "script.scriptstep", 
        "fields": {
            "script": "edtrac_teachers_weekly", 
            "retry_offset": 86400, 
            "rule": "R", 
            "email": null, 
            "num_tries": 1, 
            "start_offset": 60, 
            "message": "", 
            "poll": 503, 
            "order": 4, 
            "giveup_offset": 86400
        }
    }, 
    {
        "pk": 509, 
        "model": "script.scriptstep", 
        "fields": {
            "script": "edtrac_teachers_weekly", 
            "retry_offset": 86400, 
            "rule": "R", 
            "email": null, 
            "num_tries": 1, 
            "start_offset": 60, 
            "message": "", 
            "poll": 504, 
            "order": 5, 
            "giveup_offset": 86400
        }
    }, 
    {
        "pk": 517, 
        "model": "script.scriptstep", 
        "fields": {
            "script": "edtrac_smc_monthly", 
            "retry_offset": 86400, 
            "rule": "R", 
            "email": null, 
            "num_tries": 1, 
            "start_offset": 60, 
            "message": "", 
            "poll": 513, 
            "order": 0, 
            "giveup_offset": 86400
        }
    }, 
    {
        "pk": 510, 
        "model": "script.scriptstep", 
        "fields": {
            "script": "edtrac_head_teachers_termly", 
            "retry_offset": 86400, 
            "rule": "R", 
            "email": null, 
            "num_tries": 1, 
            "start_offset": 60, 
            "message": "", 
            "poll": 505, 
            "order": 0, 
            "giveup_offset": 86400
        }
    }, 
    {
        "pk": 511, 
        "model": "script.scriptstep", 
        "fields": {
            "script": "edtrac_head_teachers_termly", 
            "retry_offset": 86400, 
            "rule": "R", 
            "email": null, 
            "num_tries": 1, 
            "start_offset": 60, 
            "message": "", 
            "poll": 506, 
            "order": 1, 
            "giveup_offset": 86400
        }
    }, 
    {
        "pk": 512, 
        "model": "script.scriptstep", 
        "fields": {
            "script": "edtrac_gem_monthly", 
            "retry_offset": 86400, 
            "rule": "R", 
            "email": null, 
            "num_tries": 1, 
            "start_offset": 60, 
            "message": "", 
            "poll": 508, 
            "order": 0, 
            "giveup_offset": 86400
        }
    }, 
    {
        "pk": 1, 
        "model": "script.email", 
        "fields": {
            "message": "{% load message_content %}{{ connection|excel_reminder_msg }}{{ connection|outstanding_deliveries_msg }}", 
            "sender": "no-reply@uganda.rapidsms.org", 
            "recipients": [
                1
            ], 
            "subject": "{% load message_content %}SupplyTracking: {{ connection|email_subject }}"
        }
    }, 
    {
        "pk": 4, 
        "model": "sites.site", 
        "fields": {
            "domain": "cvs.rapidsms.org", 
            "name": "CVS (Community Vulnerability Surveillance)"
        }
    }, 
    {
        "pk": 5, 
        "model": "sites.site", 
        "fields": {
            "domain": "edtrac.unicefuganda.org", 
            "name": ""
        }
    }, 
    {
        "pk": 1, 
        "model": "sites.site", 
        "fields": {
            "domain": "example.com", 
            "name": "example.com"
        }
    }, 
    {
        "pk": 3, 
        "model": "sites.site", 
        "fields": {
            "domain": "status160.rapidsms.org", 
            "name": "status160"
        }
    }, 
    {
        "pk": 2, 
        "model": "sites.site", 
        "fields": {
            "domain": "ureport.rapidsms.org", 
            "name": "uReport"
        }
    }
]