[   
    {
        "pk": 1,
        "model": "sites.site",
        "fields": {
            "domain": "example.com",
            "name": "example.com"
        }
    },
    {
        "pk": 5,
        "model": "sites.site",
        "fields": {
            "domain": "emis.rapidsms.org",
            "name": ""
        }
    },
    {
        "pk": 159, 
        "model": "eav.attribute", 
        "fields": {
            "description": "Head Teacher presense at School at Last Visit", 
            "created": "2011-08-03 11:18:00", 
            "datatype": "int", 
            "enum_group": null, 
            "required": false, 
            "site": 5, 
            "modified": "2011-08-03 11:18:00", 
            "type": "emisbool", 
            "slug": "gemteachers_htpresent", 
            "name": "Head Teacher presense at School at Last Visit"
        }
    }, 
    {
        "pk": 100, 
        "model": "eav.attribute", 
        "fields": {
            "description": "A response value for a Poll with expected location-based responses", 
            "created": "2011-08-03 11:17:02", 
            "datatype": "object", 
            "enum_group": null, 
            "required": false, 
            "site": 5, 
            "modified": "2011-08-03 11:17:02", 
            "type": null, 
            "slug": "poll_location_value", 
            "name": "Location"
        }
    }, 
    {
        "pk": 101, 
        "model": "eav.attribute", 
        "fields": {
            "description": "The location associated with a particular contact", 
            "created": "2011-08-03 11:17:02", 
            "datatype": "object", 
            "enum_group": null, 
            "required": false, 
            "site": 5, 
            "modified": "2011-08-03 11:17:02", 
            "type": null, 
            "slug": "contact_location", 
            "name": "Location"
        }
    },  
    {
        "pk": 98, 
        "model": "eav.attribute", 
        "fields": {
            "description": "A response value for a Poll with expected numeric responses", 
            "created": "2011-08-03 11:17:01", 
            "datatype": "float", 
            "enum_group": null, 
            "required": false, 
            "site": 5, 
            "modified": "2011-08-03 11:17:02", 
            "type": null, 
            "slug": "poll_number_value", 
            "name": "Number"
        }
    }, 
    {
        "pk": 157, 
        "model": "eav.attribute", 
        "fields": {
            "description": "Number of Abuse Cases Reported", 
            "created": "2011-08-03 11:17:59", 
            "datatype": "int", 
            "enum_group": null, 
            "required": false, 
            "site": 5, 
            "modified": "2011-08-03 11:17:59", 
            "type": "int", 
            "slug": "gemabuse_cases", 
            "name": "Number of Abuse Cases Reported"
        }
    }, 
    {
        "pk": 140, 
        "model": "eav.attribute", 
        "fields": {
            "description": "Number of Female Teachers Deployed", 
            "created": "2011-08-03 11:17:55", 
            "datatype": "int", 
            "enum_group": null, 
            "required": false, 
            "site": 5, 
            "modified": "2011-08-03 11:17:55", 
            "type": "int", 
            "slug": "deploy_f", 
            "name": "Number of Female Teachers Deployed"
        }
    }, 
    {
        "pk": 134, 
        "model": "eav.attribute", 
        "fields": {
            "description": "Number of Latries for Female Teachers", 
            "created": "2011-08-03 11:17:54", 
            "datatype": "int", 
            "enum_group": null, 
            "required": false, 
            "site": 5, 
            "modified": "2011-08-03 11:17:54", 
            "type": "int", 
            "slug": "latrines_f", 
            "name": "Number of Latries for Female Teachers"
        }
    }, 
    {
        "pk": 139, 
        "model": "eav.attribute", 
        "fields": {
            "description": "Number of Latries for Male Teachers", 
            "created": "2011-08-03 11:17:55", 
            "datatype": "int", 
            "enum_group": null, 
            "required": false, 
            "site": 5, 
            "modified": "2011-08-03 11:17:55", 
            "type": "int", 
            "slug": "latrinesused_m", 
            "name": "Number of Latries for Male Teachers"
        }
    },
    {
        "pk": 141, 
        "model": "eav.attribute", 
        "fields": {
            "description": "Number of Male Teachers Deployed", 
            "created": "2011-08-03 11:17:55", 
            "datatype": "int", 
            "enum_group": null, 
            "required": false, 
            "site": 5, 
            "modified": "2011-08-03 11:17:56", 
            "type": "int", 
            "slug": "deploy_m", 
            "name": "Number of Male Teachers Deployed"
        }
    }, 
    {
        "pk": 142, 
        "model": "eav.attribute", 
        "fields": {
            "description": "Number of boys enrolled in P1", 
            "created": "2011-08-03 11:17:56", 
            "datatype": "int", 
            "enum_group": null, 
            "required": false, 
            "site": 5, 
            "modified": "2011-08-03 11:17:56", 
            "type": "int", 
            "slug": "enrolledb_p1", 
            "name": "Number of boys enrolled in P1"
        }
    }, 
    {
        "pk": 143, 
        "model": "eav.attribute", 
        "fields": {
            "description": "Number of boys enrolled in P2", 
            "created": "2011-08-03 11:17:56", 
            "datatype": "int", 
            "enum_group": null, 
            "required": false, 
            "site": 5, 
            "modified": "2011-08-03 11:17:56", 
            "type": "int", 
            "slug": "enrolledb_p2", 
            "name": "Number of boys enrolled in P2"
        }
    }, 
    {
        "pk": 144, 
        "model": "eav.attribute", 
        "fields": {
            "description": "Number of boys enrolled in P3", 
            "created": "2011-08-03 11:17:56", 
            "datatype": "int", 
            "enum_group": null, 
            "required": false, 
            "site": 5, 
            "modified": "2011-08-03 11:17:56", 
            "type": "int", 
            "slug": "enrolledb_p3", 
            "name": "Number of boys enrolled in P3"
        }
    }, 
    {
        "pk": 145, 
        "model": "eav.attribute", 
        "fields": {
            "description": "Number of boys enrolled in P4", 
            "created": "2011-08-03 11:17:56", 
            "datatype": "int", 
            "enum_group": null, 
            "required": false, 
            "site": 5, 
            "modified": "2011-08-03 11:17:56", 
            "type": "int", 
            "slug": "enrolledb_p4", 
            "name": "Number of boys enrolled in P4"
        }
    }, 
    {
        "pk": 146, 
        "model": "eav.attribute", 
        "fields": {
            "description": "Number of boys enrolled in P5", 
            "created": "2011-08-03 11:17:56", 
            "datatype": "int", 
            "enum_group": null, 
            "required": false, 
            "site": 5, 
            "modified": "2011-08-03 11:17:56", 
            "type": "int", 
            "slug": "enrolledb_p5", 
            "name": "Number of boys enrolled in P5"
        }
    }, 
    {
        "pk": 147, 
        "model": "eav.attribute", 
        "fields": {
            "description": "Number of boys enrolled in P6", 
            "created": "2011-08-03 11:17:57", 
            "datatype": "int", 
            "enum_group": null, 
            "required": false, 
            "site": 5, 
            "modified": "2011-08-03 11:17:57", 
            "type": "int", 
            "slug": "enrolledb_p6", 
            "name": "Number of boys enrolled in P6"
        }
    }, 
    {
        "pk": 148, 
        "model": "eav.attribute", 
        "fields": {
            "description": "Number of boys enrolled in P7", 
            "created": "2011-08-03 11:17:57", 
            "datatype": "int", 
            "enum_group": null, 
            "required": false, 
            "site": 5, 
            "modified": "2011-08-03 11:17:57", 
            "type": "int", 
            "slug": "enrolledb_p7", 
            "name": "Number of boys enrolled in P7"
        }
    }, 
    {
        "pk": 102, 
        "model": "eav.attribute", 
        "fields": {
            "description": "Number of boys in P1", 
            "created": "2011-08-03 11:17:48", 
            "datatype": "int", 
            "enum_group": null, 
            "required": false, 
            "site": 5, 
            "modified": "2011-08-03 11:17:48", 
            "type": "int", 
            "slug": "boys_p1", 
            "name": "Number of boys in P1"
        }
    }, 
    {
        "pk": 103, 
        "model": "eav.attribute", 
        "fields": {
            "description": "Number of boys in P2", 
            "created": "2011-08-03 11:17:49", 
            "datatype": "int", 
            "enum_group": null, 
            "required": false, 
            "site": 5, 
            "modified": "2011-08-03 11:17:49", 
            "type": "int", 
            "slug": "boys_p2", 
            "name": "Number of boys in P2"
        }
    }, 
    {
        "pk": 104, 
        "model": "eav.attribute", 
        "fields": {
            "description": "Number of boys in P3", 
            "created": "2011-08-03 11:17:49", 
            "datatype": "int", 
            "enum_group": null, 
            "required": false, 
            "site": 5, 
            "modified": "2011-08-03 11:17:49", 
            "type": "int", 
            "slug": "boys_p3", 
            "name": "Number of boys in P3"
        }
    }, 
    {
        "pk": 105, 
        "model": "eav.attribute", 
        "fields": {
            "description": "Number of boys in P4", 
            "created": "2011-08-03 11:17:49", 
            "datatype": "int", 
            "enum_group": null, 
            "required": false, 
            "site": 5, 
            "modified": "2011-08-03 11:17:50", 
            "type": "int", 
            "slug": "boys_p4", 
            "name": "Number of boys in P4"
        }
    }, 
    {
        "pk": 106, 
        "model": "eav.attribute", 
        "fields": {
            "description": "Number of boys in P5", 
            "created": "2011-08-03 11:17:50", 
            "datatype": "int", 
            "enum_group": null, 
            "required": false, 
            "site": 5, 
            "modified": "2011-08-03 11:17:50", 
            "type": "int", 
            "slug": "boys_p5", 
            "name": "Number of boys in P5"
        }
    }, 
    {
        "pk": 107, 
        "model": "eav.attribute", 
        "fields": {
            "description": "Number of boys in P6", 
            "created": "2011-08-03 11:17:50", 
            "datatype": "int", 
            "enum_group": null, 
            "required": false, 
            "site": 5, 
            "modified": "2011-08-03 11:17:50", 
            "type": "int", 
            "slug": "boys_p6", 
            "name": "Number of boys in P6"
        }
    }, 
    {
        "pk": 108, 
        "model": "eav.attribute", 
        "fields": {
            "description": "Number of boys in P7", 
            "created": "2011-08-03 11:17:50", 
            "datatype": "int", 
            "enum_group": null, 
            "required": false, 
            "site": 5, 
            "modified": "2011-08-03 11:17:50", 
            "type": "int", 
            "slug": "boys_p7", 
            "name": "Number of boys in P7"
        }
    }, 
    {
        "pk": 118, 
        "model": "eav.attribute", 
        "fields": {
            "description": "Number of classrooms for P1", 
            "created": "2011-08-03 11:17:51", 
            "datatype": "int", 
            "enum_group": null, 
            "required": false, 
            "site": 5, 
            "modified": "2011-08-03 11:17:51", 
            "type": "int", 
            "slug": "classrooms_p1", 
            "name": "Number of classrooms for P1"
        }
    }, 
    {
        "pk": 119, 
        "model": "eav.attribute", 
        "fields": {
            "description": "Number of classrooms for P2", 
            "created": "2011-08-03 11:17:51", 
            "datatype": "int", 
            "enum_group": null, 
            "required": false, 
            "site": 5, 
            "modified": "2011-08-03 11:17:51", 
            "type": "int", 
            "slug": "classrooms_p2", 
            "name": "Number of classrooms for P2"
        }
    }, 
    {
        "pk": 120, 
        "model": "eav.attribute", 
        "fields": {
            "description": "Number of classrooms for P3", 
            "created": "2011-08-03 11:17:52", 
            "datatype": "int", 
            "enum_group": null, 
            "required": false, 
            "site": 5, 
            "modified": "2011-08-03 11:17:52", 
            "type": "int", 
            "slug": "classrooms_p3", 
            "name": "Number of classrooms for P3"
        }
    }, 
    {
        "pk": 121, 
        "model": "eav.attribute", 
        "fields": {
            "description": "Number of classrooms for P4", 
            "created": "2011-08-03 11:17:52", 
            "datatype": "int", 
            "enum_group": null, 
            "required": false, 
            "site": 5, 
            "modified": "2011-08-03 11:17:52", 
            "type": "int", 
            "slug": "classrooms_p4", 
            "name": "Number of classrooms for P4"
        }
    }, 
    {
        "pk": 122, 
        "model": "eav.attribute", 
        "fields": {
            "description": "Number of classrooms for P5", 
            "created": "2011-08-03 11:17:52", 
            "datatype": "int", 
            "enum_group": null, 
            "required": false, 
            "site": 5, 
            "modified": "2011-08-03 11:17:52", 
            "type": "int", 
            "slug": "classrooms_p5", 
            "name": "Number of classrooms for P5"
        }
    }, 
    {
        "pk": 123, 
        "model": "eav.attribute", 
        "fields": {
            "description": "Number of classrooms for P6", 
            "created": "2011-08-03 11:17:53", 
            "datatype": "int", 
            "enum_group": null, 
            "required": false, 
            "site": 5, 
            "modified": "2011-08-03 11:17:53", 
            "type": "int", 
            "slug": "classrooms_p6", 
            "name": "Number of classrooms for P6"
        }
    }, 
    {
        "pk": 124, 
        "model": "eav.attribute", 
        "fields": {
            "description": "Number of classrooms for P7", 
            "created": "2011-08-03 11:17:53", 
            "datatype": "int", 
            "enum_group": null, 
            "required": false, 
            "site": 5, 
            "modified": "2011-08-03 11:17:53", 
            "type": "int", 
            "slug": "classrooms_p7", 
            "name": "Number of classrooms for P7"
        }
    }, 
    {
        "pk": 125, 
        "model": "eav.attribute", 
        "fields": {
            "description": "Number of classrooms in use for P1", 
            "created": "2011-08-03 11:17:53", 
            "datatype": "int", 
            "enum_group": null, 
            "required": false, 
            "site": 5, 
            "modified": "2011-08-03 11:17:53", 
            "type": "int", 
            "slug": "classroomsused_p1", 
            "name": "Number of classrooms in use for P1"
        }
    }, 
    {
        "pk": 126, 
        "model": "eav.attribute", 
        "fields": {
            "description": "Number of classrooms in use for P2", 
            "created": "2011-08-03 11:17:53", 
            "datatype": "int", 
            "enum_group": null, 
            "required": false, 
            "site": 5, 
            "modified": "2011-08-03 11:17:53", 
            "type": "int", 
            "slug": "classroomsused_p2", 
            "name": "Number of classrooms in use for P2"
        }
    }, 
    {
        "pk": 127, 
        "model": "eav.attribute", 
        "fields": {
            "description": "Number of classrooms in use for P3", 
            "created": "2011-08-03 11:17:53", 
            "datatype": "int", 
            "enum_group": null, 
            "required": false, 
            "site": 5, 
            "modified": "2011-08-03 11:17:53", 
            "type": "int", 
            "slug": "classroomsused_p3", 
            "name": "Number of classrooms in use for P3"
        }
    }, 
    {
        "pk": 128, 
        "model": "eav.attribute", 
        "fields": {
            "description": "Number of classrooms in use for P4", 
            "created": "2011-08-03 11:17:53", 
            "datatype": "int", 
            "enum_group": null, 
            "required": false, 
            "site": 5, 
            "modified": "2011-08-03 11:17:53", 
            "type": "int", 
            "slug": "classroomsused_p4", 
            "name": "Number of classrooms in use for P4"
        }
    }, 
    {
        "pk": 129, 
        "model": "eav.attribute", 
        "fields": {
            "description": "Number of classrooms in use for P5", 
            "created": "2011-08-03 11:17:54", 
            "datatype": "int", 
            "enum_group": null, 
            "required": false, 
            "site": 5, 
            "modified": "2011-08-03 11:17:54", 
            "type": "int", 
            "slug": "classroomsused_p5", 
            "name": "Number of classrooms in use for P5"
        }
    }, 
    {
        "pk": 130, 
        "model": "eav.attribute", 
        "fields": {
            "description": "Number of classrooms in use for P6", 
            "created": "2011-08-03 11:17:54", 
            "datatype": "int", 
            "enum_group": null, 
            "required": false, 
            "site": 5, 
            "modified": "2011-08-03 11:17:54", 
            "type": "int", 
            "slug": "classroomsused_p6", 
            "name": "Number of classrooms in use for P6"
        }
    }, 
    {
        "pk": 131, 
        "model": "eav.attribute", 
        "fields": {
            "description": "Number of classrooms in use for P7", 
            "created": "2011-08-03 11:17:54", 
            "datatype": "int", 
            "enum_group": null, 
            "required": false, 
            "site": 5, 
            "modified": "2011-08-03 11:17:54", 
            "type": "int", 
            "slug": "classroomsused_p7", 
            "name": "Number of classrooms in use for P7"
        }
    }, 
    {
        "pk": 116, 
        "model": "eav.attribute", 
        "fields": {
            "description": "Number of female teachers present", 
            "created": "2011-08-03 11:17:51", 
            "datatype": "int", 
            "enum_group": null, 
            "required": false, 
            "site": 5, 
            "modified": "2011-08-15 14:58:42", 
            "type": "int", 
            "slug": "teachers_f", 
            "name": "Number of female teachers present"
        }
    }, 
    {
        "pk": 149, 
        "model": "eav.attribute", 
        "fields": {
            "description": "Number of girls enrolled in P1", 
            "created": "2011-08-03 11:17:57", 
            "datatype": "int", 
            "enum_group": null, 
            "required": false, 
            "site": 5, 
            "modified": "2011-08-03 11:17:57", 
            "type": "int", 
            "slug": "enrolledg_p1", 
            "name": "Number of girls enrolled in P1"
        }
    }, 
    {
        "pk": 150, 
        "model": "eav.attribute", 
        "fields": {
            "description": "Number of girls enrolled in P2", 
            "created": "2011-08-03 11:17:57", 
            "datatype": "int", 
            "enum_group": null, 
            "required": false, 
            "site": 5, 
            "modified": "2011-08-03 11:17:57", 
            "type": "int", 
            "slug": "enrolledg_p2", 
            "name": "Number of girls enrolled in P2"
        }
    }, 
    {
        "pk": 151, 
        "model": "eav.attribute", 
        "fields": {
            "description": "Number of girls enrolled in P3", 
            "created": "2011-08-03 11:17:58", 
            "datatype": "int", 
            "enum_group": null, 
            "required": false, 
            "site": 5, 
            "modified": "2011-08-03 11:17:58", 
            "type": "int", 
            "slug": "enrolledg_p3", 
            "name": "Number of girls enrolled in P3"
        }
    }, 
    {
        "pk": 152, 
        "model": "eav.attribute", 
        "fields": {
            "description": "Number of girls enrolled in P4", 
            "created": "2011-08-03 11:17:58", 
            "datatype": "int", 
            "enum_group": null, 
            "required": false, 
            "site": 5, 
            "modified": "2011-08-03 11:17:58", 
            "type": "int", 
            "slug": "enrolledg_p4", 
            "name": "Number of girls enrolled in P4"
        }
    }, 
    {
        "pk": 153, 
        "model": "eav.attribute", 
        "fields": {
            "description": "Number of girls enrolled in P5", 
            "created": "2011-08-03 11:17:58", 
            "datatype": "int", 
            "enum_group": null, 
            "required": false, 
            "site": 5, 
            "modified": "2011-08-03 11:17:58", 
            "type": "int", 
            "slug": "enrolledg_p5", 
            "name": "Number of girls enrolled in P5"
        }
    }, 
    {
        "pk": 154, 
        "model": "eav.attribute", 
        "fields": {
            "description": "Number of girls enrolled in P6", 
            "created": "2011-08-03 11:17:58", 
            "datatype": "int", 
            "enum_group": null, 
            "required": false, 
            "site": 5, 
            "modified": "2011-08-03 11:17:58", 
            "type": "int", 
            "slug": "enrolledg_p6", 
            "name": "Number of girls enrolled in P6"
        }
    }, 
    {
        "pk": 155, 
        "model": "eav.attribute", 
        "fields": {
            "description": "Number of girls enrolled in P7", 
            "created": "2011-08-03 11:17:59", 
            "datatype": "int", 
            "enum_group": null, 
            "required": false, 
            "site": 5, 
            "modified": "2011-08-03 11:17:59", 
            "type": "int", 
            "slug": "enrolledg_p7", 
            "name": "Number of girls enrolled in P7"
        }
    }, 
    {
        "pk": 109, 
        "model": "eav.attribute", 
        "fields": {
            "description": "Number of girls in P1", 
            "created": "2011-08-03 11:17:50", 
            "datatype": "int", 
            "enum_group": null, 
            "required": false, 
            "site": 5, 
            "modified": "2011-08-03 11:17:50", 
            "type": "int", 
            "slug": "girls_p1", 
            "name": "Number of girls in P1"
        }
    }, 
    {
        "pk": 110, 
        "model": "eav.attribute", 
        "fields": {
            "description": "Number of girls in P2", 
            "created": "2011-08-03 11:17:50", 
            "datatype": "int", 
            "enum_group": null, 
            "required": false, 
            "site": 5, 
            "modified": "2011-08-03 11:17:50", 
            "type": "int", 
            "slug": "girls_p2", 
            "name": "Number of girls in P2"
        }
    }, 
    {
        "pk": 111, 
        "model": "eav.attribute", 
        "fields": {
            "description": "Number of girls in P3", 
            "created": "2011-08-03 11:17:50", 
            "datatype": "int", 
            "enum_group": null, 
            "required": false, 
            "site": 5, 
            "modified": "2011-08-03 11:17:50", 
            "type": "int", 
            "slug": "girls_p3", 
            "name": "Number of girls in P3"
        }
    }, 
    {
        "pk": 112, 
        "model": "eav.attribute", 
        "fields": {
            "description": "Number of girls in P4", 
            "created": "2011-08-03 11:17:50", 
            "datatype": "int", 
            "enum_group": null, 
            "required": false, 
            "site": 5, 
            "modified": "2011-08-03 11:17:50", 
            "type": "int", 
            "slug": "girls_p4", 
            "name": "Number of girls in P4"
        }
    }, 
    {
        "pk": 113, 
        "model": "eav.attribute", 
        "fields": {
            "description": "Number of girls in P5", 
            "created": "2011-08-03 11:17:50", 
            "datatype": "int", 
            "enum_group": null, 
            "required": false, 
            "site": 5, 
            "modified": "2011-08-03 11:17:50", 
            "type": "int", 
            "slug": "girls_p5", 
            "name": "Number of girls in P5"
        }
    }, 
    {
        "pk": 114, 
        "model": "eav.attribute", 
        "fields": {
            "description": "Number of girls in P6", 
            "created": "2011-08-03 11:17:50", 
            "datatype": "int", 
            "enum_group": null, 
            "required": false, 
            "site": 5, 
            "modified": "2011-08-03 11:17:50", 
            "type": "int", 
            "slug": "girls_p6", 
            "name": "Number of girls in P6"
        }
    }, 
    {
        "pk": 115, 
        "model": "eav.attribute", 
        "fields": {
            "description": "Number of girls in P7", 
            "created": "2011-08-03 11:17:51", 
            "datatype": "int", 
            "enum_group": null, 
            "required": false, 
            "site": 5, 
            "modified": "2011-08-03 11:17:51", 
            "type": "int", 
            "slug": "girls_p7", 
            "name": "Number of girls in P7"
        }
    }, 
    {
        "pk": 117, 
        "model": "eav.attribute", 
        "fields": {
            "description": "Number of male teachers present", 
            "created": "2011-08-03 11:17:51", 
            "datatype": "int", 
            "enum_group": null, 
            "required": false, 
            "site": 5, 
            "modified": "2011-08-15 14:58:52", 
            "type": "int", 
            "slug": "teachers_m", 
            "name": "Number of male teachers present"
        }
    }, 
    {
        "pk": 160, 
        "model": "eav.attribute", 
        "fields": {
            "description": "Number of shared latrines by Everybody", 
            "created": "2011-09-21 10:34:05", 
            "datatype": "int", 
            "enum_group": null, 
            "required": false, 
            "site": 5, 
            "modified": "2011-09-21 10:34:05", 
            "type": null, 
            "slug": "latrines_s", 
            "name": "Number of shared latrines by Everybody"
        }
    }, 
    {
        "pk": 161, 
        "model": "eav.attribute", 
        "fields": {
            "description": "Number of shared latrines by Pupils", 
            "created": "2011-09-21 10:34:08", 
            "datatype": "int", 
            "enum_group": null, 
            "required": false, 
            "site": 5, 
            "modified": "2011-09-21 10:34:08", 
            "type": null, 
            "slug": "latrines_sp", 
            "name": "Number of shared latrines by Pupils"
        }
    }, 
    {
        "pk": 162, 
        "model": "eav.attribute", 
        "fields": {
            "description": "Number of shared latrines by Teachers", 
            "created": "2011-09-21 10:34:10", 
            "datatype": "int", 
            "enum_group": null, 
            "required": false, 
            "site": 5, 
            "modified": "2011-09-21 10:34:10", 
            "type": null, 
            "slug": "latrines_st", 
            "name": "Number of shared latrines by Teachers"
        }
    }, 
    {
        "pk": 163, 
        "model": "eav.attribute", 
        "fields": {
            "description": "Number of shared latrines used by Everybody", 
            "created": "2011-09-21 10:35:51", 
            "datatype": "int", 
            "enum_group": null, 
            "required": false, 
            "site": 5, 
            "modified": "2011-09-21 10:35:51", 
            "type": null, 
            "slug": "latrinesused_s", 
            "name": "Number of shared latrines used by Everybody"
        }
    }, 
    {
        "pk": 164, 
        "model": "eav.attribute", 
        "fields": {
            "description": "Number of shared latrines used by Pupils", 
            "created": "2011-09-21 10:35:53", 
            "datatype": "int", 
            "enum_group": null, 
            "required": false, 
            "site": 5, 
            "modified": "2011-09-21 10:35:53", 
            "type": null, 
            "slug": "latrinesused_sp", 
            "name": "Number of shared latrines used by Pupils"
        }
    }, 
    {
        "pk": 165, 
        "model": "eav.attribute", 
        "fields": {
            "description": "Number of shared latrines used by Teachers", 
            "created": "2011-09-21 10:35:54", 
            "datatype": "int", 
            "enum_group": null, 
            "required": false, 
            "site": 5, 
            "modified": "2011-09-21 10:35:54", 
            "type": null, 
            "slug": "latrinesused_st", 
            "name": "Number of shared latrines used by Teachers"
        }
    }, 
    {
        "pk": 158, 
        "model": "eav.attribute", 
        "fields": {
            "description": "School Code", 
            "created": "2011-08-03 11:17:59", 
            "datatype": "text", 
            "enum_group": null, 
            "required": false, 
            "site": 5, 
            "modified": "2011-08-03 11:17:59", 
            "type": "text", 
            "slug": "gemteachers_schoolcode", 
            "name": "School Code"
        }
    }, 
    {
        "pk": 156, 
        "model": "eav.attribute", 
        "fields": {
            "description": "School Name", 
            "created": "2011-08-03 11:17:59", 
            "datatype": "text", 
            "enum_group": null, 
            "required": false, 
            "site": 5, 
            "modified": "2011-08-03 11:17:59", 
            "type": "text", 
            "slug": "gemabuse_school", 
            "name": "School Name"
        }
    }, 
    {
        "pk": 99, 
        "model": "eav.attribute", 
        "fields": {
            "description": "A response value for a Poll with expected text responses", 
            "created": "2011-08-03 11:17:02", 
            "datatype": "text", 
            "enum_group": null, 
            "required": false, 
            "site": 5, 
            "modified": "2011-08-03 11:17:02", 
            "type": null, 
            "slug": "poll_text_value", 
            "name": "Text"
        }
    },   
    {
        "pk": 113, 
        "model": "auth.group", 
        "fields": {
            "name": "Admins", 
            "permissions": []
        }
    }, 
    {
        "pk": 49, 
        "model": "auth.group", 
        "fields": {
            "name": "Services Providers", 
            "permissions": []
        }
    }, 
    {
        "pk": 104, 
        "model": "auth.group", 
        "fields": {
            "name": "Teachers", 
            "permissions": []
        }
    }, 
    {
        "pk": 105, 
        "model": "auth.group", 
        "fields": {
            "name": "Head Teachers", 
            "permissions": []
        }
    }, 
    {
        "pk": 106, 
        "model": "auth.group", 
        "fields": {
            "name": "SMC", 
            "permissions": []
        }
    }, 
    {
        "pk": 107, 
        "model": "auth.group", 
        "fields": {
            "name": "GEM", 
            "permissions": []
        }
    }, 
    {
        "pk": 108, 
        "model": "auth.group", 
        "fields": {
            "name": "CCT", 
            "permissions": []
        }
    }, 
    {
        "pk": 109, 
        "model": "auth.group", 
        "fields": {
            "name": "DEO", 
            "permissions": []
        }
    }, 
    {
        "pk": 110, 
        "model": "auth.group", 
        "fields": {
            "name": "District Officials", 
            "permissions": []
        }
    }, 
    {
        "pk": 111, 
        "model": "auth.group", 
        "fields": {
            "name": "Other Reporters", 
            "permissions": []
        }
    }, 
    {
        "pk": 112, 
        "model": "auth.group", 
        "fields": {
            "name": "DFO", 
            "permissions": []
        }
    }, 
    {
        "pk": 114, 
        "model": "auth.group", 
        "fields": {
            "name": "Ministry Officials", 
            "permissions": []
        }
    }, 
    {
        "pk": 115, 
        "model": "auth.group", 
        "fields": {
            "name": "UNICEF Officials", 
            "permissions": []
        }
    }, 
    {
        "pk": 58, 
        "model": "auth.user", 
        "fields": {
            "username": "Kaabong", 
            "first_name": "", 
            "last_name": "", 
            "is_active": true, 
            "is_superuser": false, 
            "is_staff": false, 
            "last_login": "2011-12-09 12:21:41", 
            "groups": [
                109
            ], 
            "user_permissions": [], 
            "password": "sha1$3d204$67d2d5163f6eb128ef7bf4ee1485874f56731cdf", 
            "email": "test@test.com", 
            "date_joined": "2011-09-16 14:20:16"
        }
    }, 
    {
        "pk": 60, 
        "model": "auth.user", 
        "fields": {
            "username": "Kabarole", 
            "first_name": "", 
            "last_name": "", 
            "is_active": true, 
            "is_superuser": false, 
            "is_staff": false, 
            "last_login": "2011-12-08 11:59:42", 
            "groups": [
                109
            ], 
            "user_permissions": [], 
            "password": "sha1$2ba89$3055861a2e25fde57811a61949e6beefe99692f5", 
            "email": "test@test.com", 
            "date_joined": "2011-09-16 14:21:30"
        }
    }, 
    {
        "pk": 59, 
        "model": "auth.user", 
        "fields": {
            "username": "Kotido", 
            "first_name": "", 
            "last_name": "", 
            "is_active": true, 
            "is_superuser": false, 
            "is_staff": false, 
            "last_login": "2011-12-08 11:55:12", 
            "groups": [
                109
            ], 
            "user_permissions": [], 
            "password": "sha1$d4866$7c244394e3a6d6bf59f0cbc637f8c4decda9bc8c", 
            "email": "test@test.com", 
            "date_joined": "2011-09-16 14:20:56"
        }
    }, 
    {
        "pk": 61, 
        "model": "auth.user", 
        "fields": {
            "username": "Kyegegwa", 
            "first_name": "", 
            "last_name": "", 
            "is_active": true, 
            "is_superuser": false, 
            "is_staff": false, 
            "last_login": "2011-12-08 11:57:26", 
            "groups": [
                109
            ], 
            "user_permissions": [], 
            "password": "sha1$08ee0$5dad8479abe4baef820724e116591447c32444b2", 
            "email": "test@test.com", 
            "date_joined": "2011-09-16 14:22:16"
        }
    }, 
    {
        "pk": 63, 
        "model": "auth.user", 
        "fields": {
            "username": "Martin.Ngolobe", 
            "first_name": "", 
            "last_name": "", 
            "is_active": true, 
            "is_superuser": true, 
            "is_staff": true, 
            "last_login": "2011-11-16 09:37:00", 
            "groups": [
                112
            ], 
            "user_permissions": [], 
            "password": "sha1$86d88$9a631d1a415bc82e19d8298f959c488daada487c", 
            "email": "mngolobe@unicef.org", 
            "date_joined": "2011-10-14 10:06:52"
        }
    }, 
    {
        "pk": 65, 
        "model": "auth.user", 
        "fields": {
            "username": "Sam.Odeke", 
            "first_name": "Sam", 
            "last_name": "Odeke", 
            "is_active": true, 
            "is_superuser": false, 
            "is_staff": false, 
            "last_login": "2011-11-18 13:46:50", 
            "groups": [
                112
            ], 
            "user_permissions": [], 
            "password": "sha1$250de$030e63f9de0448ce731cb35c675a2150bd098362", 
            "email": "", 
            "date_joined": "2011-11-18 13:46:50"
        }
    }, 
    {
        "pk": 64, 
        "model": "auth.user", 
        "fields": {
            "username": "Fred.Kagwire", 
            "first_name": "Fred", 
            "last_name": "Kagwire", 
            "is_active": true, 
            "is_superuser": false, 
            "is_staff": false, 
            "last_login": "2011-11-16 10:13:39", 
            "groups": [
                112
            ], 
            "user_permissions": [], 
            "password": "sha1$2c21f$0c1817e94c57396afd754fb773b269f8fbaa177e", 
            "email": "", 
            "date_joined": "2011-11-16 10:13:39"
        }
    }, 
    {
        "pk": 62, 
        "model": "auth.user", 
        "fields": {
            "username": "Simon.Peter.Aturia", 
            "first_name": "", 
            "last_name": "", 
            "is_active": true, 
            "is_superuser": true, 
            "is_staff": true, 
            "last_login": "2011-11-22 14:33:42", 
            "groups": [
                112
            ], 
            "user_permissions": [], 
            "password": "sha1$cc8e4$7e930e22ed7ac45c54f3d974a71ddd809d49e0dd", 
            "email": "saturia@unicef.org", 
            "date_joined": "2011-10-14 10:06:52"
        }
    }, 
    {
        "pk": 1, 
        "model": "auth.user", 
        "fields": {
            "username": "admin", 
            "first_name": "", 
            "last_name": "", 
            "is_active": true, 
            "is_superuser": true, 
            "is_staff": true, 
            "last_login": "2011-12-16 13:42:54", 
            "groups": [
                106, 
                107
            ], 
            "user_permissions": [], 
            "password": "sha1$2ff0e$30ad33c5ea22eae40d3ca759567c7e9d49d7ca41", 
            "email": "david.a.mccann@gmail.com", 
            "date_joined": "2010-10-25 00:17:35"
        }
    },
    {
        "pk": 94, 
        "model": "poll.poll", 
        "fields": {
            "default_response": "", 
            "name": "emis_grant", 
            "end_date": null, 
            "contacts": [], 
            "messages": [], 
            "question": "How much of your annual capitation grant have you received this term? Reply with ONE of the following 0%, 25%, 50%, 75% or 100%", 
            "sites": [
                5
            ], 
            "user": 1, 
            "type": "n", 
            "start_date": null, 
            "response_type": "a"
        }
    }, 
    {
        "pk": 95, 
        "model": "poll.poll", 
        "fields": {
            "default_response": "", 
            "name": "emis_inspection", 
            "end_date": null, 
            "contacts": [], 
            "messages": [], 
            "question": "What date was your last school inspection?", 
            "sites": [
                5
            ], 
            "user": 1, 
            "type": "date", 
            "start_date": null, 
            "response_type": "a"
        }
    }, 
    {
        "pk": 96, 
        "model": "poll.poll", 
        "fields": {
            "default_response": "", 
            "name": "emis_cct", 
            "end_date": null, 
            "contacts": [], 
            "messages": [], 
            "question": "What date was your last CCT visit?", 
            "sites": [
                5
            ], 
            "user": 1, 
            "type": "date", 
            "start_date": null, 
            "response_type": "a"
        }
    }, 
    {
        "pk": 97, 
        "model": "poll.poll", 
        "fields": {
            "default_response": "", 
            "name": "emis_classroom", 
            "end_date": null, 
            "contacts": [], 
            "messages": [], 
            "question": "How many classrooms does your school have for each class?", 
            "sites": [
                5
            ], 
            "user": 1, 
            "type": "t", 
            "start_date": null, 
            "response_type": "a"
        }
    }, 
    {
        "pk": 98, 
        "model": "poll.poll", 
        "fields": {
            "default_response": "", 
            "name": "emis_classroom_use", 
            "end_date": null, 
            "contacts": [], 
            "messages": [], 
            "question": "How many classrooms are in usen at your school for each class?", 
            "sites": [
                5
            ], 
            "user": 1, 
            "type": "t", 
            "start_date": null, 
            "response_type": "a"
        }
    }, 
    {
        "pk": 99, 
        "model": "poll.poll", 
        "fields": {
            "default_response": "", 
            "name": "emis_latrines", 
            "end_date": null, 
            "contacts": [], 
            "messages": [], 
            "question": "How many latrine stances does your school have for boys, girls and teachers?", 
            "sites": [
                5
            ], 
            "user": 1, 
            "type": "t", 
            "start_date": null, 
            "response_type": "a"
        }
    }, 
    {
        "pk": 100, 
        "model": "poll.poll", 
        "fields": {
            "default_response": "", 
            "name": "emis_latrines_use", 
            "end_date": null, 
            "contacts": [], 
            "messages": [], 
            "question": "How many latrine stances are used by boys, girls and teachers?", 
            "sites": [
                5
            ], 
            "user": 1, 
            "type": "t", 
            "start_date": null, 
            "response_type": "a"
        }
    }, 
    {
        "pk": 101, 
        "model": "poll.poll", 
        "fields": {
            "default_response": "", 
            "name": "emis_teachers", 
            "end_date": null, 
            "contacts": [], 
            "messages": [], 
            "question": "How many male and female teachers are deployed at your school?", 
            "sites": [
                5
            ], 
            "user": 1, 
            "type": "t", 
            "start_date": null, 
            "response_type": "a"
        }
    }, 
    {
        "pk": 102, 
        "model": "poll.poll", 
        "fields": {
            "default_response": "", 
            "name": "emis_boys_enrolled", 
            "end_date": null, 
            "contacts": [], 
            "messages": [], 
            "question": "How many boys are enrolled in classes p1-p7 at your school?", 
            "sites": [
                5
            ], 
            "user": 1, 
            "type": "t", 
            "start_date": null, 
            "response_type": "a"
        }
    }, 
    {
        "pk": 103, 
        "model": "poll.poll", 
        "fields": {
            "default_response": "", 
            "name": "emis_girls_enrolled", 
            "end_date": null, 
            "contacts": [], 
            "messages": [], 
            "question": "How many girls are enrolled in classes p1-p7 at your school?", 
            "sites": [
                5
            ], 
            "user": 1, 
            "type": "t", 
            "start_date": null, 
            "response_type": "a"
        }
    }, 
    {
        "pk": 105, 
        "model": "poll.poll", 
        "fields": {
            "default_response": "", 
            "name": "emis_grant_notice", 
            "end_date": null, 
            "contacts": [], 
            "messages": [], 
            "question": "Has UPE capitation grant been display on school notice board? Answer YES or NO", 
            "sites": [
                5
            ], 
            "user": 1, 
            "type": "t", 
            "start_date": null, 
            "response_type": "a"
        }
    }, 
    {
        "pk": 121, 
        "model": "poll.poll", 
        "fields": {
            "default_response": "", 
            "name": "emis_boysp6_enrollment", 
            "end_date": null, 
            "contacts": [], 
            "messages": [], 
            "question": "How many boys are enrolled in P6 this term?", 
            "sites": [
                5
            ], 
            "user": 1, 
            "type": "n", 
            "start_date": null, 
            "response_type": "a"
        }
    }, 
    {
        "pk": 122, 
        "model": "poll.poll", 
        "fields": {
            "default_response": "", 
            "name": "emis_girlsp3_enrollment", 
            "end_date": null, 
            "contacts": [], 
            "messages": [], 
            "question": "How many girls are enrolled in P3 this term?", 
            "sites": [
                5
            ], 
            "user": 1, 
            "type": "n", 
            "start_date": null, 
            "response_type": "a"
        }
    }, 
    {
        "pk": 123, 
        "model": "poll.poll", 
        "fields": {
            "default_response": "", 
            "name": "emis_girlsp6_enrollment", 
            "end_date": null, 
            "contacts": [], 
            "messages": [], 
            "question": "How many girls are enrolled in P6 this term?", 
            "sites": [
                5
            ], 
            "user": 1, 
            "type": "n", 
            "start_date": null, 
            "response_type": "a"
        }
    }, 
    {
        "pk": 124, 
        "model": "poll.poll", 
        "fields": {
            "default_response": "", 
            "name": "emis_female_teachers_deployment", 
            "end_date": null, 
            "contacts": [], 
            "messages": [], 
            "question": "How many female teachers are deployed in your school this term?", 
            "sites": [
                5
            ], 
            "user": 1, 
            "type": "n", 
            "start_date": null, 
            "response_type": "a"
        }
    }, 
    {
        "pk": 125, 
        "model": "poll.poll", 
        "fields": {
            "default_response": "", 
            "name": "emis_male_teachers_deployment", 
            "end_date": null, 
            "contacts": [], 
            "messages": [], 
            "question": "How many male teachers are deployed in your school this term?", 
            "sites": [
                5
            ], 
            "user": 1, 
            "type": "n", 
            "start_date": null, 
            "response_type": "a"
        }
    }, 
    {
        "pk": 126, 
        "model": "poll.poll", 
        "fields": {
            "default_response": "", 
            "name": "emis_upe_grant", 
            "end_date": null, 
            "contacts": [], 
            "messages": [], 
            "question": "Has the UPE grant been displayed on the school notice board? Answer YES or NO", 
            "sites": [
                5
            ], 
            "user": 1, 
            "type": "t", 
            "start_date": null, 
            "response_type": "a"
        }
    }, 
    {
        "pk": 127, 
        "model": "poll.poll", 
        "fields": {
            "default_response": "", 
            "name": "emis_gem_headteacher_present", 
            "end_date": null, 
            "contacts": [], 
            "messages": [], 
            "question": "Name the schools where the Head teacher was present at your last visit? Separate schools with a comma e.g St Peters PS, St John PS", 
            "sites": [
                5
            ], 
            "user": 1, 
            "type": "t", 
            "start_date": null, 
            "response_type": "a"
        }
    }, 
    {
        "pk": 128, 
        "model": "poll.poll", 
        "fields": {
            "default_response": "", 
            "name": "emis_gem_headteacher_absent", 
            "end_date": null, 
            "contacts": [], 
            "messages": [], 
            "question": "Name the schools where the Head teacher was absent at your last visit? Separate schools with a comma e.g St Peters PS, St John PS", 
            "sites": [
                5
            ], 
            "user": 1, 
            "type": "t", 
            "start_date": null, 
            "response_type": "a"
        }
    }, 
    {
        "pk": 129, 
        "model": "poll.poll", 
        "fields": {
            "default_response": "", 
            "name": "emis_head_teachers_attendance", 
            "end_date": null, 
            "contacts": [], 
            "messages": [], 
            "question": "Has the head teacher been at school for at least 3 days? Answer YES or NO", 
            "sites": [
                5
            ], 
            "user": 1, 
            "type": "t", 
            "start_date": null, 
            "response_type": "a"
        }
    }, 
    {
        "pk": 130, 
        "model": "poll.poll", 
        "fields": {
            "default_response": "", 
            "name": "emis_headteachers_abuse", 
            "end_date": null, 
            "contacts": [], 
            "messages": [], 
            "question": "How many abuse cases were recorded in the record book this month?", 
            "sites": [
                5
            ], 
            "user": 1, 
            "type": "n", 
            "start_date": null, 
            "response_type": "a"
        }
    }, 
    {
        "pk": 131, 
        "model": "poll.poll", 
        "fields": {
            "default_response": "", 
            "name": "emis_headteachers_meals", 
            "end_date": null, 
            "contacts": [], 
            "messages": [], 
            "question": "How many children do you think had lunch today? Reply with ONE of the following; 0%, 25%, 50%, 75% or 100%", 
            "sites": [
                5
            ], 
            "user": 1, 
            "type": "t", 
            "start_date": null, 
            "response_type": "a"
        }
    },
    {
        "pk": 133, 
        "model": "poll.poll", 
        "fields": {
            "default_response": "", 
            "name": "emis_gender", 
            "end_date": null, 
            "contacts": [], 
            "messages": [], 
            "question": "Are you female or male?", 
            "sites": [
                5
            ], 
            "user": 1, 
            "type": "t", 
            "start_date": null, 
            "response_type": "a"
        }
    }, 
    {
        "pk": 134, 
        "model": "poll.poll", 
        "fields": {
            "default_response": "", 
            "name": "emis_class", 
            "end_date": null, 
            "contacts": [], 
            "messages": [], 
            "question": "Which class do you teach? P3 or P6", 
            "sites": [
                5
            ], 
            "user": 1, 
            "type": "t", 
            "start_date": null, 
            "response_type": "a"
        }
    }, 
    {
        "pk": 135, 
        "model": "poll.poll", 
        "fields": {
            "default_response": "", 
            "name": "emis_school", 
            "end_date": null, 
            "contacts": [], 
            "messages": [], 
            "question": "What is the name of your school?", 
            "sites": [
                5
            ], 
            "user": 1, 
            "type": "t", 
            "start_date": null, 
            "response_type": "a"
        }
    }, 
    {
        "pk": 90, 
        "model": "poll.poll", 
        "fields": {
            "default_response": "", 
            "name": "emis_subcounty", 
            "end_date": null, 
            "contacts": [], 
            "messages": [], 
            "question": "What is the name of your sub county?", 
            "sites": [
                5
            ], 
            "user": 1, 
            "type": "t", 
            "start_date": null, 
            "response_type": "a"
        }
    }, 
    {
        "pk": 91, 
        "model": "poll.poll", 
        "fields": {
            "default_response": "", 
            "name": "emis_one_school", 
            "end_date": null, 
            "contacts": [], 
            "messages": [], 
            "question": "What is the name of your school?", 
            "sites": [
                5
            ], 
            "user": 1, 
            "type": "t", 
            "start_date": null, 
            "response_type": "a"
        }
    }, 
    {
        "pk": 92, 
        "model": "poll.poll", 
        "fields": {
            "default_response": "", 
            "name": "emis_many_school", 
            "end_date": null, 
            "contacts": [], 
            "messages": [], 
            "question": "Name the schools you are resonsible for.Separate each school name with a comma, for example \"St. Mary Secondary,Pader Primary\"", 
            "sites": [
                5
            ], 
            "user": 1, 
            "type": "t", 
            "start_date": null, 
            "response_type": "a"
        }
    }, 
    {
        "pk": 93, 
        "model": "poll.poll", 
        "fields": {
            "default_response": "", 
            "name": "emis_name", 
            "end_date": null, 
            "contacts": [], 
            "messages": [], 
            "question": "What is your name?", 
            "sites": [
                5
            ], 
            "user": 1, 
            "type": "t", 
            "start_date": null, 
            "response_type": "a"
        }
    }, 
    {
        "pk": 88, 
        "model": "poll.poll", 
        "fields": {
            "default_response": "", 
            "name": "emis_role", 
            "end_date": null, 
            "contacts": [], 
            "messages": [], 
            "question": "Thank you for participating in EdTrac. What is your role? Choose ONE: Teacher, Head Teacher, SMC, GEM", 
            "sites": [
                5
            ], 
            "user": 1, 
            "type": "t", 
            "start_date": null, 
            "response_type": "a"
        }
    }, 
    {
        "pk": 111, 
        "model": "poll.poll", 
        "fields": {
            "default_response": "", 
            "name": "emis_female_teachers_attendance", 
            "end_date": null, 
            "contacts": [], 
            "messages": [], 
            "question": "How many female teachers are at school today?", 
            "sites": [
                5
            ], 
            "user": 1, 
            "type": "n", 
            "start_date": null, 
            "response_type": "a"
        }
    }, 
    {
        "pk": 112, 
        "model": "poll.poll", 
        "fields": {
            "default_response": "", 
            "name": "emis_male_teachers_attendance", 
            "end_date": null, 
            "contacts": [], 
            "messages": [], 
            "question": "How many male teachers are at school today?", 
            "sites": [
                5
            ], 
            "user": 1, 
            "type": "n", 
            "start_date": null, 
            "response_type": "a"
        }
    }, 
    {
        "pk": 113, 
        "model": "poll.poll", 
        "fields": {
            "default_response": "", 
            "name": "emis_smc_upe_grant", 
            "end_date": null, 
            "contacts": [], 
            "messages": [], 
            "question": "Has UPE capitation grant been displayed on the school notice board? Answer YES or NO", 
            "sites": [
                5
            ], 
            "user": 1, 
            "type": "t", 
            "start_date": null, 
            "response_type": "a"
        }
    }, 
    {
        "pk": 114, 
        "model": "poll.poll", 
        "fields": {
            "default_response": "", 
            "name": "emis_p3curriculum_progress", 
            "end_date": null, 
            "contacts": [], 
            "messages": [], 
            "question": "What is the progress of the P3 school curriculum this week?", 
            "sites": [
                5
            ], 
            "user": 1, 
            "type": "t", 
            "start_date": null, 
            "response_type": "a"
        }
    }, 
    {
        "pk": 115, 
        "model": "poll.poll", 
        "fields": {
            "default_response": "", 
            "name": "emis_p6curriculum_progress", 
            "end_date": null, 
            "contacts": [], 
            "messages": [], 
            "question": "What is the progress of the P6 school curriculum this week?", 
            "sites": [
                5
            ], 
            "user": 1, 
            "type": "t", 
            "start_date": null, 
            "response_type": "a"
        }
    }, 
    {
        "pk": 116, 
        "model": "poll.poll", 
        "fields": {
            "default_response": "", 
            "name": "emis_boysp3_attendance", 
            "end_date": null, 
            "contacts": [], 
            "messages": [], 
            "question": "How many P3 boys are at school today?", 
            "sites": [
                5
            ], 
            "user": 1, 
            "type": "n", 
            "start_date": null, 
            "response_type": "a"
        }
    }, 
    {
        "pk": 117, 
        "model": "poll.poll", 
        "fields": {
            "default_response": "", 
            "name": "emis_boysp6_attendance", 
            "end_date": null, 
            "contacts": [], 
            "messages": [], 
            "question": "How many P6 boys are at school today?", 
            "sites": [
                5
            ], 
            "user": 1, 
            "type": "n", 
            "start_date": null, 
            "response_type": "a"
        }
    }, 
    {
        "pk": 118, 
        "model": "poll.poll", 
        "fields": {
            "default_response": "", 
            "name": "emis_girlsp3_attendance", 
            "end_date": null, 
            "contacts": [], 
            "messages": [], 
            "question": "How many P3 girls are at school today?", 
            "sites": [
                5
            ], 
            "user": 1, 
            "type": "n", 
            "start_date": null, 
            "response_type": "a"
        }
    }, 
    {
        "pk": 119, 
        "model": "poll.poll", 
        "fields": {
            "default_response": "", 
            "name": "emis_girlsp6_attendance", 
            "end_date": null, 
            "contacts": [], 
            "messages": [], 
            "question": "How many P6 girls are at school today?", 
            "sites": [
                5
            ], 
            "user": 1, 
            "type": "n", 
            "start_date": null, 
            "response_type": "a"
        }
    }, 
    {
        "pk": 120, 
        "model": "poll.poll", 
        "fields": {
            "default_response": "", 
            "name": "emis_boysp3_enrollment", 
            "end_date": null, 
            "contacts": [], 
            "messages": [], 
            "question": "How many boys are enrolled in P3 this term?", 
            "sites": [
                5
            ], 
            "user": 1, 
            "type": "n", 
            "start_date": null, 
            "response_type": "a"
        }
    }, 
    {
        "pk": 104, 
        "model": "poll.poll", 
        "fields": {
            "default_response": "", 
            "name": "emis_smc_meals", 
            "end_date": null, 
            "contacts": [], 
            "messages": [], 
            "question": "How many children do you think had lunch today? Reply with ONE of the following; 0%, 25%, 50%, 75% or 100%", 
            "sites": [
                5
            ], 
            "user": 1, 
            "type": "t", 
            "start_date": null, 
            "response_type": "a"
        }
    }, 
    {
        "pk": 106, 
        "model": "poll.poll", 
        "fields": {
            "default_response": "", 
            "name": "emis_inspection_yesno", 
            "end_date": null, 
            "contacts": [], 
            "messages": [], 
            "question": "Do you know if your school was inspected this term? Answer YES if there was inspection and NO if there was no inspection", 
            "sites": [
                5
            ], 
            "user": 1, 
            "type": "t", 
            "start_date": null, 
            "response_type": "a"
        }
    }, 
    {
        "pk": 107, 
        "model": "poll.poll", 
        "fields": {
            "default_response": "", 
            "name": "emis_meetings", 
            "end_date": null, 
            "contacts": [], 
            "messages": [], 
            "question": "How many SMC meetings have you held this term?Give number of meetings held, if none, reply 0.", 
            "sites": [
                5
            ], 
            "user": 1, 
            "type": "n", 
            "start_date": null, 
            "response_type": "a"
        }
    }, 
    {
        "pk": 108, 
        "model": "poll.poll", 
        "fields": {
            "default_response": "", 
            "name": "emis_absence", 
            "end_date": null, 
            "contacts": [], 
            "messages": [], 
            "question": "Do you know if the head teacher was present at school today? Answer YES or NO", 
            "sites": [
                5
            ], 
            "user": 1, 
            "type": "t", 
            "start_date": null, 
            "response_type": "a"
        }
    }, 
    {
        "pk": 109, 
        "model": "poll.poll", 
        "fields": {
            "default_response": "", 
            "name": "emis_abuse", 
            "end_date": null, 
            "contacts": [], 
            "messages": [], 
            "question": "How many abuse cases were recorded in the record book this month?", 
            "sites": [
                5
            ], 
            "user": 1, 
            "type": "n", 
            "start_date": null, 
            "response_type": "a"
        }
    }, 
    {
        "pk": 110, 
        "model": "poll.poll", 
        "fields": {
            "default_response": "", 
            "name": "emis_meals", 
            "end_date": null, 
            "contacts": [], 
            "messages": [], 
            "question": "How many children had meals at lunch today? Reply with ONE of the following - none, very few, less than half, more than half, very many", 
            "sites": [
                5
            ], 
            "user": 1, 
            "type": "t", 
            "start_date": null, 
            "response_type": "a"
        }
    }, 
    {
        "pk": 89, 
        "model": "poll.poll", 
        "fields": {
            "default_response": "", 
            "name": "emis_district", 
            "end_date": null, 
            "contacts": [], 
            "messages": [], 
            "question": "What is the name of your district?", 
            "sites": [
                5
            ], 
            "user": 1, 
            "type": "district", 
            "start_date": null, 
            "response_type": "a"
        }
    }, 
    {
        "pk": 156, 
        "model": "poll.category", 
        "fields": {
            "error_category": false, 
            "name": "no", 
            "color": "", 
            "priority": null, 
            "default": false, 
            "poll": 129, 
            "response": null
        }
    }, 
    {
        "pk": 147, 
        "model": "poll.category", 
        "fields": {
            "error_category": false, 
            "name": "no", 
            "color": "", 
            "priority": null, 
            "default": false, 
            "poll": 108, 
            "response": null
        }
    }, 
    {
        "pk": 153, 
        "model": "poll.category", 
        "fields": {
            "error_category": false, 
            "name": "no", 
            "color": "", 
            "priority": null, 
            "default": false, 
            "poll": 126, 
            "response": null
        }
    }, 
    {
        "pk": 141, 
        "model": "poll.category", 
        "fields": {
            "error_category": false, 
            "name": "no", 
            "color": "", 
            "priority": null, 
            "default": false, 
            "poll": 105, 
            "response": null
        }
    }, 
    {
        "pk": 150, 
        "model": "poll.category", 
        "fields": {
            "error_category": false, 
            "name": "no", 
            "color": "", 
            "priority": null, 
            "default": false, 
            "poll": 113, 
            "response": null
        }
    }, 
    {
        "pk": 144, 
        "model": "poll.category", 
        "fields": {
            "error_category": false, 
            "name": "no", 
            "color": "", 
            "priority": null, 
            "default": false, 
            "poll": 106, 
            "response": null
        }
    }, 
    {
        "pk": 151, 
        "model": "poll.category", 
        "fields": {
            "error_category": true, 
            "name": "unknown", 
            "color": "", 
            "priority": null, 
            "default": true, 
            "poll": 113, 
            "response": null
        }
    }, 
    {
        "pk": 154, 
        "model": "poll.category", 
        "fields": {
            "error_category": true, 
            "name": "unknown", 
            "color": "", 
            "priority": null, 
            "default": true, 
            "poll": 126, 
            "response": null
        }
    }, 
    {
        "pk": 145, 
        "model": "poll.category", 
        "fields": {
            "error_category": true, 
            "name": "unknown", 
            "color": "", 
            "priority": null, 
            "default": true, 
            "poll": 106, 
            "response": null
        }
    }, 
    {
        "pk": 157, 
        "model": "poll.category", 
        "fields": {
            "error_category": true, 
            "name": "unknown", 
            "color": "", 
            "priority": null, 
            "default": true, 
            "poll": 129, 
            "response": null
        }
    }, 
    {
        "pk": 142, 
        "model": "poll.category", 
        "fields": {
            "error_category": true, 
            "name": "unknown", 
            "color": "", 
            "priority": null, 
            "default": true, 
            "poll": 105, 
            "response": null
        }
    }, 
    {
        "pk": 148, 
        "model": "poll.category", 
        "fields": {
            "error_category": true, 
            "name": "unknown", 
            "color": "", 
            "priority": null, 
            "default": true, 
            "poll": 108, 
            "response": null
        }
    }, 
    {
        "pk": 149, 
        "model": "poll.category", 
        "fields": {
            "error_category": false, 
            "name": "yes", 
            "color": "", 
            "priority": null, 
            "default": false, 
            "poll": 113, 
            "response": null
        }
    }, 
    {
        "pk": 143, 
        "model": "poll.category", 
        "fields": {
            "error_category": false, 
            "name": "yes", 
            "color": "", 
            "priority": null, 
            "default": false, 
            "poll": 106, 
            "response": null
        }
    }, 
    {
        "pk": 146, 
        "model": "poll.category", 
        "fields": {
            "error_category": false, 
            "name": "yes", 
            "color": "", 
            "priority": null, 
            "default": false, 
            "poll": 108, 
            "response": null
        }
    }, 
    {
        "pk": 140, 
        "model": "poll.category", 
        "fields": {
            "error_category": false, 
            "name": "yes", 
            "color": "", 
            "priority": null, 
            "default": false, 
            "poll": 105, 
            "response": null
        }
    }, 
    {
        "pk": 152, 
        "model": "poll.category", 
        "fields": {
            "error_category": false, 
            "name": "yes", 
            "color": "", 
            "priority": null, 
            "default": false, 
            "poll": 126, 
            "response": null
        }
    }, 
    {
        "pk": 155, 
        "model": "poll.category", 
        "fields": {
            "error_category": false, 
            "name": "yes", 
            "color": "", 
            "priority": null, 
            "default": false, 
            "poll": 129, 
            "response": null
        }
    }, 
    {
        "pk": 88, 
        "model": "poll.rule", 
        "fields": {
            "regex": "^\\s*(yes|yeah|yep|yay|y)(\\s|[^a-zA-Z]|$)", 
            "category": 140, 
            "rule_string": "^\\s*(yes|yeah|yep|yay|y)(\\s|[^a-zA-Z]|$)", 
            "rule_type": "r"
        }
    }, 
    {
        "pk": 89, 
        "model": "poll.rule", 
        "fields": {
            "regex": "^\\s*(no|nope|nah|nay|n)(\\s|[^a-zA-Z]|$)", 
            "category": 141, 
            "rule_string": "^\\s*(no|nope|nah|nay|n)(\\s|[^a-zA-Z]|$)", 
            "rule_type": "r"
        }
    }, 
    {
        "pk": 90, 
        "model": "poll.rule", 
        "fields": {
            "regex": "^\\s*(yes|yeah|yep|yay|y)(\\s|[^a-zA-Z]|$)", 
            "category": 143, 
            "rule_string": "^\\s*(yes|yeah|yep|yay|y)(\\s|[^a-zA-Z]|$)", 
            "rule_type": "r"
        }
    }, 
    {
        "pk": 91, 
        "model": "poll.rule", 
        "fields": {
            "regex": "^\\s*(no|nope|nah|nay|n)(\\s|[^a-zA-Z]|$)", 
            "category": 144, 
            "rule_string": "^\\s*(no|nope|nah|nay|n)(\\s|[^a-zA-Z]|$)", 
            "rule_type": "r"
        }
    }, 
    {
        "pk": 92, 
        "model": "poll.rule", 
        "fields": {
            "regex": "^\\s*(yes|yeah|yep|yay|y)(\\s|[^a-zA-Z]|$)", 
            "category": 146, 
            "rule_string": "^\\s*(yes|yeah|yep|yay|y)(\\s|[^a-zA-Z]|$)", 
            "rule_type": "r"
        }
    }, 
    {
        "pk": 93, 
        "model": "poll.rule", 
        "fields": {
            "regex": "^\\s*(no|nope|nah|nay|n)(\\s|[^a-zA-Z]|$)", 
            "category": 147, 
            "rule_string": "^\\s*(no|nope|nah|nay|n)(\\s|[^a-zA-Z]|$)", 
            "rule_type": "r"
        }
    }, 
    {
        "pk": 94, 
        "model": "poll.rule", 
        "fields": {
            "regex": "^\\s*(yes|yeah|yep|yay|y)(\\s|[^a-zA-Z]|$)", 
            "category": 152, 
            "rule_string": "^\\s*(yes|yeah|yep|yay|y)(\\s|[^a-zA-Z]|$)", 
            "rule_type": "r"
        }
    }, 
    {
        "pk": 95, 
        "model": "poll.rule", 
        "fields": {
            "regex": "^\\s*(no|nope|nah|nay|n)(\\s|[^a-zA-Z]|$)", 
            "category": 153, 
            "rule_string": "^\\s*(no|nope|nah|nay|n)(\\s|[^a-zA-Z]|$)", 
            "rule_type": "r"
        }
    }, 
    {
        "pk": 96, 
        "model": "poll.rule", 
        "fields": {
            "regex": "^\\s*(yes|yeah|yep|yay|y)(\\s|[^a-zA-Z]|$)", 
            "category": 155, 
            "rule_string": "^\\s*(yes|yeah|yep|yay|y)(\\s|[^a-zA-Z]|$)", 
            "rule_type": "r"
        }
    }, 
    {
        "pk": 97, 
        "model": "poll.rule", 
        "fields": {
            "regex": "^\\s*(no|nope|nah|nay|n)(\\s|[^a-zA-Z]|$)", 
            "category": 156, 
            "rule_string": "^\\s*(no|nope|nah|nay|n)(\\s|[^a-zA-Z]|$)", 
            "rule_type": "r"
        }
    },
    {
        "pk": "emis_autoreg", 
        "model": "script.script", 
        "fields": {
            "enabled": false, 
            "name": "Education monitoring autoregistration script", 
            "sites": [
                5
            ]
        }
    }, 
    {
        "pk": "emis_head_teachers_weekly", 
        "model": "script.script", 
        "fields": {
            "enabled": false, 
            "name": "Education monitoring head teachers weekly script", 
            "sites": [
                5
            ]
        }
    }, 
    {
        "pk": "emis_smc_termly", 
        "model": "script.script", 
        "fields": {
            "enabled": false, 
            "name": "Education monitoring smc termly script", 
            "sites": [
                5
            ]
        }
    }, 
    {
        "pk": "emis_teachers_monthly", 
        "model": "script.script", 
        "fields": {
            "enabled": false, 
            "name": "Education monitoring teachers monthly script", 
            "sites": [
                5
            ]
        }
    }, 
    {
        "pk": "emis_teachers_weekly", 
        "model": "script.script", 
        "fields": {
            "enabled": false, 
            "name": "Education monitoring teachers weekly script", 
            "sites": [
                5
            ]
        }
    }, 
    {
        "pk": "emis_head_teachers_termly", 
        "model": "script.script", 
        "fields": {
            "enabled": false, 
            "name": "Education monitoring head teachers termly script", 
            "sites": [
                5
            ]
        }
    }, 
    {
        "pk": "emis_gem_monthly", 
        "model": "script.script", 
        "fields": {
            "enabled": false, 
            "name": "Education monitoring gem monthly script", 
            "sites": [
                5
            ]
        }
    }, 
    {
        "pk": "emis_smc_weekly", 
        "model": "script.script", 
        "fields": {
            "enabled": false, 
            "name": "Education monitoring smc weekly script", 
            "sites": [
                5
            ]
        }
    }, 
    {
        "pk": "emis_head_teachers_monthly", 
        "model": "script.script", 
        "fields": {
            "enabled": false, 
            "name": "Education monitoring head teachers monthly script", 
            "sites": [
                5
            ]
        }
    }, 
    {
        "pk": "emis_smc_monthly", 
        "model": "script.script", 
        "fields": {
            "enabled": false, 
            "name": "Education monitoring smc monthly script", 
            "sites": [
                5
            ]
        }
    }, 
    {
        "pk": 102, 
        "model": "script.scriptstep", 
        "fields": {
            "script": "emis_autoreg", 
            "retry_offset": 86400, 
            "rule": "R", 
            "email": null, 
            "num_tries": 1, 
            "start_offset": 0, 
            "message": "", 
            "poll": 135, 
            "order": 5, 
            "giveup_offset": 86400
        }
    }, 
    {
        "pk": 103, 
        "model": "script.scriptstep", 
        "fields": {
            "script": "emis_autoreg", 
            "retry_offset": 86400, 
            "rule": "R", 
            "email": null, 
            "num_tries": 1, 
            "start_offset": 60, 
            "message": "", 
            "poll": 93, 
            "order": 6, 
            "giveup_offset": 86400
        }
    }, 
    {
        "pk": 104, 
        "model": "script.scriptstep", 
        "fields": {
            "script": "emis_autoreg", 
            "retry_offset": null, 
            "rule": "w", 
            "email": null, 
            "num_tries": null, 
            "start_offset": 60, 
            "message": "Welcome EdTrac.The information you shall provide contributes to keeping children in school.", 
            "poll": null, 
            "order": 7, 
            "giveup_offset": 0
        }
    }, 
    {
        "pk": 76, 
        "model": "script.scriptstep", 
        "fields": {
            "script": "emis_head_teachers_weekly", 
            "retry_offset": 86400, 
            "rule": "R", 
            "email": null, 
            "num_tries": 1, 
            "start_offset": 60, 
            "message": "", 
            "poll": 111, 
            "order": 0, 
            "giveup_offset": 86400
        }
    }, 
    {
        "pk": 77, 
        "model": "script.scriptstep", 
        "fields": {
            "script": "emis_head_teachers_weekly", 
            "retry_offset": 86400, 
            "rule": "R", 
            "email": null, 
            "num_tries": 1, 
            "start_offset": 60, 
            "message": "", 
            "poll": 112, 
            "order": 1, 
            "giveup_offset": 86400
        }
    }, 
    {
        "pk": 78, 
        "model": "script.scriptstep", 
        "fields": {
            "script": "emis_teachers_monthly", 
            "retry_offset": 86400, 
            "rule": "R", 
            "email": null, 
            "num_tries": 1, 
            "start_offset": 60, 
            "message": "", 
            "poll": 114, 
            "order": 0, 
            "giveup_offset": 86400
        }
    }, 
    {
        "pk": 79, 
        "model": "script.scriptstep", 
        "fields": {
            "script": "emis_teachers_monthly", 
            "retry_offset": 86400, 
            "rule": "R", 
            "email": null, 
            "num_tries": 1, 
            "start_offset": 60, 
            "message": "", 
            "poll": 115, 
            "order": 1, 
            "giveup_offset": 86400
        }
    }, 
    {
        "pk": 80, 
        "model": "script.scriptstep", 
        "fields": {
            "script": "emis_teachers_weekly", 
            "retry_offset": 86400, 
            "rule": "R", 
            "email": null, 
            "num_tries": 1, 
            "start_offset": 60, 
            "message": "", 
            "poll": 116, 
            "order": 0, 
            "giveup_offset": 86400
        }
    }, 
    {
        "pk": 81, 
        "model": "script.scriptstep", 
        "fields": {
            "script": "emis_teachers_weekly", 
            "retry_offset": 86400, 
            "rule": "R", 
            "email": null, 
            "num_tries": 1, 
            "start_offset": 60, 
            "message": "", 
            "poll": 117, 
            "order": 1, 
            "giveup_offset": 86400
        }
    }, 
    {
        "pk": 82, 
        "model": "script.scriptstep", 
        "fields": {
            "script": "emis_teachers_weekly", 
            "retry_offset": 86400, 
            "rule": "R", 
            "email": null, 
            "num_tries": 1, 
            "start_offset": 60, 
            "message": "", 
            "poll": 118, 
            "order": 2, 
            "giveup_offset": 86400
        }
    }, 
    {
        "pk": 83, 
        "model": "script.scriptstep", 
        "fields": {
            "script": "emis_teachers_weekly", 
            "retry_offset": 86400, 
            "rule": "R", 
            "email": null, 
            "num_tries": 1, 
            "start_offset": 60, 
            "message": "", 
            "poll": 119, 
            "order": 3, 
            "giveup_offset": 86400
        }
    }, 
    {
        "pk": 84, 
        "model": "script.scriptstep", 
        "fields": {
            "script": "emis_head_teachers_termly", 
            "retry_offset": 86400, 
            "rule": "R", 
            "email": null, 
            "num_tries": 1, 
            "start_offset": 60, 
            "message": "", 
            "poll": 120, 
            "order": 0, 
            "giveup_offset": 86400
        }
    }, 
    {
        "pk": 85, 
        "model": "script.scriptstep", 
        "fields": {
            "script": "emis_head_teachers_termly", 
            "retry_offset": 86400, 
            "rule": "R", 
            "email": null, 
            "num_tries": 1, 
            "start_offset": 60, 
            "message": "", 
            "poll": 121, 
            "order": 1, 
            "giveup_offset": 86400
        }
    }, 
    {
        "pk": 86, 
        "model": "script.scriptstep", 
        "fields": {
            "script": "emis_head_teachers_termly", 
            "retry_offset": 86400, 
            "rule": "R", 
            "email": null, 
            "num_tries": 1, 
            "start_offset": 60, 
            "message": "", 
            "poll": 122, 
            "order": 2, 
            "giveup_offset": 86400
        }
    }, 
    {
        "pk": 87, 
        "model": "script.scriptstep", 
        "fields": {
            "script": "emis_head_teachers_termly", 
            "retry_offset": 86400, 
            "rule": "R", 
            "email": null, 
            "num_tries": 1, 
            "start_offset": 60, 
            "message": "", 
            "poll": 123, 
            "order": 3, 
            "giveup_offset": 86400
        }
    }, 
    {
        "pk": 88, 
        "model": "script.scriptstep", 
        "fields": {
            "script": "emis_head_teachers_termly", 
            "retry_offset": 86400, 
            "rule": "R", 
            "email": null, 
            "num_tries": 1, 
            "start_offset": 60, 
            "message": "", 
            "poll": 124, 
            "order": 4, 
            "giveup_offset": 86400
        }
    }, 
    {
        "pk": 89, 
        "model": "script.scriptstep", 
        "fields": {
            "script": "emis_head_teachers_termly", 
            "retry_offset": 86400, 
            "rule": "R", 
            "email": null, 
            "num_tries": 1, 
            "start_offset": 60, 
            "message": "", 
            "poll": 125, 
            "order": 5, 
            "giveup_offset": 86400
        }
    }, 
    {
        "pk": 90, 
        "model": "script.scriptstep", 
        "fields": {
            "script": "emis_head_teachers_termly", 
            "retry_offset": 86400, 
            "rule": "R", 
            "email": null, 
            "num_tries": 1, 
            "start_offset": 60, 
            "message": "", 
            "poll": 126, 
            "order": 6, 
            "giveup_offset": 86400
        }
    }, 
    {
        "pk": 91, 
        "model": "script.scriptstep", 
        "fields": {
            "script": "emis_gem_monthly", 
            "retry_offset": 86400, 
            "rule": "R", 
            "email": null, 
            "num_tries": 1, 
            "start_offset": 60, 
            "message": "", 
            "poll": 127, 
            "order": 0, 
            "giveup_offset": 86400
        }
    }, 
    {
        "pk": 92, 
        "model": "script.scriptstep", 
        "fields": {
            "script": "emis_gem_monthly", 
            "retry_offset": 86400, 
            "rule": "R", 
            "email": null, 
            "num_tries": 1, 
            "start_offset": 60, 
            "message": "", 
            "poll": 128, 
            "order": 1, 
            "giveup_offset": 86400
        }
    }, 
    {
        "pk": 93, 
        "model": "script.scriptstep", 
        "fields": {
            "script": "emis_smc_weekly", 
            "retry_offset": 86400, 
            "rule": "R", 
            "email": null, 
            "num_tries": 1, 
            "start_offset": 60, 
            "message": "", 
            "poll": 129, 
            "order": 0, 
            "giveup_offset": 86400
        }
    }, 
    {
        "pk": 94, 
        "model": "script.scriptstep", 
        "fields": {
            "script": "emis_head_teachers_monthly", 
            "retry_offset": 86400, 
            "rule": "R", 
            "email": null, 
            "num_tries": 1, 
            "start_offset": 60, 
            "message": "", 
            "poll": 130, 
            "order": 0, 
            "giveup_offset": 86400
        }
    }, 
    {
        "pk": 95, 
        "model": "script.scriptstep", 
        "fields": {
            "script": "emis_head_teachers_monthly", 
            "retry_offset": 86400, 
            "rule": "R", 
            "email": null, 
            "num_tries": 1, 
            "start_offset": 60, 
            "message": "", 
            "poll": 131, 
            "order": 1, 
            "giveup_offset": 86400
        }
    }, 
    {
        "pk": 96, 
        "model": "script.scriptstep", 
        "fields": {
            "script": "emis_smc_monthly", 
            "retry_offset": 86400, 
            "rule": "R", 
            "email": null, 
            "num_tries": 1, 
            "start_offset": 60, 
            "message": "", 
            "poll": 104, 
            "order": 0, 
            "giveup_offset": 86400
        }
    }, 
    {
        "pk": 97, 
        "model": "script.scriptstep", 
        "fields": {
            "script": "emis_autoreg", 
            "retry_offset": 86400, 
            "rule": "R", 
            "email": null, 
            "num_tries": 1, 
            "start_offset": 0, 
            "message": "", 
            "poll": 88, 
            "order": 0, 
            "giveup_offset": 86400
        }
    }, 
    {
        "pk": 98, 
        "model": "script.scriptstep", 
        "fields": {
            "script": "emis_autoreg", 
            "retry_offset": 86400, 
            "rule": "R", 
            "email": null, 
            "num_tries": 1, 
            "start_offset": 0, 
            "message": "", 
            "poll": 133, 
            "order": 1, 
            "giveup_offset": 86400
        }
    }, 
    {
        "pk": 99, 
        "model": "script.scriptstep", 
        "fields": {
            "script": "emis_autoreg", 
            "retry_offset": 86400, 
            "rule": "R", 
            "email": null, 
            "num_tries": 1, 
            "start_offset": 0, 
            "message": "", 
            "poll": 134, 
            "order": 2, 
            "giveup_offset": 86400
        }
    }, 
    {
        "pk": 100, 
        "model": "script.scriptstep", 
        "fields": {
            "script": "emis_autoreg", 
            "retry_offset": 86400, 
            "rule": "M", 
            "email": null, 
            "num_tries": 1, 
            "start_offset": 0, 
            "message": "", 
            "poll": 89, 
            "order": 3, 
            "giveup_offset": 86400
        }
    }, 
    {
        "pk": 101, 
        "model": "script.scriptstep", 
        "fields": {
            "script": "emis_autoreg", 
            "retry_offset": 86400, 
            "rule": "R", 
            "email": null, 
            "num_tries": 1, 
            "start_offset": 0, 
            "message": "", 
            "poll": 90, 
            "order": 4, 
            "giveup_offset": 86400
        }
    }, 
    {
        "pk": 1, 
        "model": "script.email", 
        "fields": {
            "message": "{% load message_content %}{{ connection|excel_reminder_msg }}{{ connection|outstanding_deliveries_msg }}", 
            "sender": "no-reply@uganda.rapidsms.org", 
            "recipients": [
                1
            ], 
            "subject": "{% load message_content %}SupplyTracking: {{ connection|email_subject }}"
        }
    }
]