[

    {
        "pk": 1,
        "model": "sites.site",
        "fields": {
            "domain": "example.com",
            "name": "example.com"
        }
    },
    {
        "pk": 5,
        "model": "sites.site",
        "fields": {
            "domain": "edtrac.unicefuganda.org",
            "name": ""
        }
    },
    {
        "pk": 113,
        "model": "auth.group",
        "fields": {
            "name": "Admins",
            "permissions": []
        }
    },
    {
        "pk": 49,
        "model": "auth.group",
        "fields": {
            "name": "Services Providers",
            "permissions": []
        }
    },
    {
        "pk": 104,
        "model": "auth.group",
        "fields": {
            "name": "Teachers",
            "permissions": []
        }
    },
    {
        "pk": 105,
        "model": "auth.group",
        "fields": {
            "name": "Head Teachers",
            "permissions": []
        }
    },
    {
        "pk": 106,
        "model": "auth.group",
        "fields": {
            "name": "SMC",
            "permissions": []
        }
    },
    {
        "pk": 107,
        "model": "auth.group",
        "fields": {
            "name": "GEM",
            "permissions": []
        }
    },
    {
        "pk": 108,
        "model": "auth.group",
        "fields": {
            "name": "CCT",
            "permissions": []
        }
    },
    {
        "pk": 109,
        "model": "auth.group",
        "fields": {
            "name": "DEO",
            "permissions": []
        }
    },
    {
        "pk": 110,
        "model": "auth.group",
        "fields": {
            "name": "District Officials",
            "permissions": []
        }
    },
    {
        "pk": 111,
        "model": "auth.group",
        "fields": {
            "name": "Other Reporters",
            "permissions": []
        }
    },
    {
        "pk": 112,
        "model": "auth.group",
        "fields": {
            "name": "DFO",
            "permissions": []
        }
    },
    {
        "pk": 114,
        "model": "auth.group",
        "fields": {
            "name": "Ministry Officials",
            "permissions": []
        }
    },
    {
        "pk": 115,
        "model": "auth.group",
        "fields": {
            "name": "UNICEF Officials",
            "permissions": []
        }
    },
    {
        "pk": 1,
        "model": "auth.user",
        "fields": {
            "username": "admin",
            "first_name": "",
            "last_name": "",
            "is_active": true,
            "is_superuser": true,
            "is_staff": true,
            "last_login": "2011-12-16 13:42:54",
            "groups": [
                106,
                107
            ],
            "user_permissions": [],
            "password": "sha1$2ff0e$30ad33c5ea22eae40d3ca759567c7e9d49d7ca41",
            "email": "david.a.mccann@gmail.com",
            "date_joined": "2010-10-25 00:17:35"
        }
    },                        
    {
        "pk": "edtrac_autoreg", 
        "model": "script.script", 
        "fields": {
            "enabled": true, 
            "name": "Education monitoring autoregistration script", 
            "sites": [
                5
            ]
        }
    }, 
    {
        "pk": "edtrac_head_teachers_weekly", 
        "model": "script.script", 
        "fields": {
            "enabled": true, 
            "name": "Education monitoring head teachers weekly script", 
            "sites": [
                5
            ]
        }
    }, 
    {
        "pk": "edtrac_smc_termly", 
        "model": "script.script", 
        "fields": {
            "enabled": true, 
            "name": "Education monitoring smc termly script", 
            "sites": [
                5
            ]
        }
    }, 
    {
        "pk": "edtrac_teachers_monthly", 
        "model": "script.script", 
        "fields": {
            "enabled": true, 
            "name": "Education monitoring teachers monthly script", 
            "sites": [
                5
            ]
        }
    }, 
    {
        "pk": "edtrac_teachers_weekly", 
        "model": "script.script", 
        "fields": {
            "enabled": true, 
            "name": "Education monitoring teachers weekly script", 
            "sites": [
                5
            ]
        }
    }, 
    {
        "pk": "edtrac_head_teachers_termly", 
        "model": "script.script", 
        "fields": {
            "enabled": true, 
            "name": "Education monitoring head teachers termly script", 
            "sites": [
                5
            ]
        }
    }, 
    {
        "pk": "edtrac_gem_monthly", 
        "model": "script.script", 
        "fields": {
            "enabled": true, 
            "name": "Education monitoring gem monthly script", 
            "sites": [
                5
            ]
        }
    }, 
    {
        "pk": "edtrac_smc_weekly", 
        "model": "script.script", 
        "fields": {
            "enabled": true, 
            "name": "Education monitoring smc weekly script", 
            "sites": [
                5
            ]
        }
    }, 
    {
        "pk": "edtrac_head_teachers_monthly", 
        "model": "script.script", 
        "fields": {
            "enabled": true, 
            "name": "Education monitoring head teachers monthly script", 
            "sites": [
                5
            ]
        }
    }, 
    {
        "pk": "edtrac_smc_monthly", 
        "model": "script.script", 
        "fields": {
            "enabled": true, 
            "name": "Education monitoring smc monthly script", 
            "sites": [
                5
            ]
        }
    }, 
    {
        "pk": 306, 
        "model": "script.scriptstep", 
        "fields": {
            "script": "edtrac_autoreg", 
            "retry_offset": 86400, 
            "rule": "R", 
            "email": null, 
            "num_tries": 1, 
            "start_offset": 0, 
            "message": "", 
            "poll": 305, 
            "order": 0, 
            "giveup_offset": 86400
        }
    }, 
    {
        "pk": 307, 
        "model": "script.scriptstep", 
        "fields": {
            "script": "edtrac_autoreg", 
            "retry_offset": 86400, 
            "rule": "R", 
            "email": null, 
            "num_tries": 1, 
            "start_offset": 0, 
            "message": "", 
            "poll": 306, 
            "order": 1, 
            "giveup_offset": 86400
        }
    }, 
    {
        "pk": 308, 
        "model": "script.scriptstep", 
        "fields": {
            "script": "edtrac_autoreg", 
            "retry_offset": 86400, 
            "rule": "R", 
            "email": null, 
            "num_tries": 1, 
            "start_offset": 0, 
            "message": "", 
            "poll": 307, 
            "order": 2, 
            "giveup_offset": 86400
        }
    }, 
    {
        "pk": 309, 
        "model": "script.scriptstep", 
        "fields": {
            "script": "edtrac_autoreg", 
            "retry_offset": 86400, 
            "rule": "M", 
            "email": null, 
            "num_tries": 1, 
            "start_offset": 0, 
            "message": "", 
            "poll": 308, 
            "order": 3, 
            "giveup_offset": 86400
        }
    }, 
    {
        "pk": 310, 
        "model": "script.scriptstep", 
        "fields": {
            "script": "edtrac_autoreg", 
            "retry_offset": 86400, 
            "rule": "R", 
            "email": null, 
            "num_tries": 1, 
            "start_offset": 0, 
            "message": "", 
            "poll": 309, 
            "order": 4, 
            "giveup_offset": 86400
        }
    }, 
    {
        "pk": 311, 
        "model": "script.scriptstep", 
        "fields": {
            "script": "edtrac_autoreg", 
            "retry_offset": 86400, 
            "rule": "R", 
            "email": null, 
            "num_tries": 1, 
            "start_offset": 0, 
            "message": "", 
            "poll": 310, 
            "order": 5, 
            "giveup_offset": 86400
        }
    }, 
    {
        "pk": 312, 
        "model": "script.scriptstep", 
        "fields": {
            "script": "edtrac_autoreg", 
            "retry_offset": 86400, 
            "rule": "R", 
            "email": null, 
            "num_tries": 1, 
            "start_offset": 60, 
            "message": "", 
            "poll": 311, 
            "order": 6, 
            "giveup_offset": 86400
        }
    }, 
    {
        "pk": 313, 
        "model": "script.scriptstep", 
        "fields": {
            "script": "edtrac_autoreg", 
            "retry_offset": null, 
            "rule": "w", 
            "email": null, 
            "num_tries": null, 
            "start_offset": 60, 
            "message": "Welcome EdTrac.The information you shall provide contributes to keeping children in school.", 
            "poll": null, 
            "order": 7, 
            "giveup_offset": 0
        }
    }, 
    {
        "pk": 314, 
        "model": "script.scriptstep", 
        "fields": {
            "script": "edtrac_head_teachers_weekly", 
            "retry_offset": 86400, 
            "rule": "R", 
            "email": null, 
            "num_tries": 1, 
            "start_offset": 60, 
            "message": "", 
            "poll": 312, 
            "order": 0, 
            "giveup_offset": 86400
        }
    }, 
    {
        "pk": 315, 
        "model": "script.scriptstep", 
        "fields": {
            "script": "edtrac_head_teachers_weekly", 
            "retry_offset": 86400, 
            "rule": "R", 
            "email": null, 
            "num_tries": 1, 
            "start_offset": 60, 
            "message": "", 
            "poll": 313, 
            "order": 1, 
            "giveup_offset": 86400
        }
    }, 
    {
        "pk": 316, 
        "model": "script.scriptstep", 
        "fields": {
            "script": "edtrac_smc_termly", 
            "retry_offset": 86400, 
            "rule": "R", 
            "email": null, 
            "num_tries": 1, 
            "start_offset": 60, 
            "message": "", 
            "poll": 314, 
            "order": 0, 
            "giveup_offset": 86400
        }
    }, 
    {
        "pk": 317, 
        "model": "script.scriptstep", 
        "fields": {
            "script": "edtrac_smc_termly", 
            "retry_offset": 86400, 
            "rule": "R", 
            "email": null, 
            "num_tries": 1, 
            "start_offset": 60, 
            "message": "", 
            "poll": 315, 
            "order": 1, 
            "giveup_offset": 86400
        }
    }, 
    {
        "pk": 318, 
        "model": "script.scriptstep", 
        "fields": {
            "script": "edtrac_teachers_monthly", 
            "retry_offset": 86400, 
            "rule": "R", 
            "email": null, 
            "num_tries": 1, 
            "start_offset": 60, 
            "message": "", 
            "poll": 316, 
            "order": 0, 
            "giveup_offset": 86400
        }
    }, 
    {
        "pk": 319, 
        "model": "script.scriptstep", 
        "fields": {
            "script": "edtrac_teachers_weekly", 
            "retry_offset": 86400, 
            "rule": "R", 
            "email": null, 
            "num_tries": 1, 
            "start_offset": 60, 
            "message": "", 
            "poll": 317, 
            "order": 0, 
            "giveup_offset": 86400
        }
    }, 
    {
        "pk": 320, 
        "model": "script.scriptstep", 
        "fields": {
            "script": "edtrac_teachers_weekly", 
            "retry_offset": 86400, 
            "rule": "R", 
            "email": null, 
            "num_tries": 1, 
            "start_offset": 60, 
            "message": "", 
            "poll": 318, 
            "order": 1, 
            "giveup_offset": 86400
        }
    }, 
    {
        "pk": 322, 
        "model": "script.scriptstep", 
        "fields": {
            "script": "edtrac_teachers_weekly", 
            "retry_offset": 86400, 
            "rule": "R", 
            "email": null, 
            "num_tries": 1, 
            "start_offset": 60, 
            "message": "", 
            "poll": 320, 
            "order": 3, 
            "giveup_offset": 86400
        }
    }, 
    {
        "pk": 324, 
        "model": "script.scriptstep", 
        "fields": {
            "script": "edtrac_head_teachers_termly", 
            "retry_offset": 86400, 
            "rule": "R", 
            "email": null, 
            "num_tries": 1, 
            "start_offset": 60, 
            "message": "", 
            "poll": 322, 
            "order": 0, 
            "giveup_offset": 86400
        }
    }, 
    {
        "pk": 325, 
        "model": "script.scriptstep", 
        "fields": {
            "script": "edtrac_head_teachers_termly", 
            "retry_offset": 86400, 
            "rule": "R", 
            "email": null, 
            "num_tries": 1, 
            "start_offset": 60, 
            "message": "", 
            "poll": 323, 
            "order": 1, 
            "giveup_offset": 86400
        }
    }, 
    {
        "pk": 326, 
        "model": "script.scriptstep", 
        "fields": {
            "script": "edtrac_head_teachers_termly", 
            "retry_offset": 86400, 
            "rule": "R", 
            "email": null, 
            "num_tries": 1, 
            "start_offset": 60, 
            "message": "", 
            "poll": 324, 
            "order": 2, 
            "giveup_offset": 86400
        }
    }, 
    {
        "pk": 327, 
        "model": "script.scriptstep", 
        "fields": {
            "script": "edtrac_head_teachers_termly", 
            "retry_offset": 86400, 
            "rule": "R", 
            "email": null, 
            "num_tries": 1, 
            "start_offset": 60, 
            "message": "", 
            "poll": 325, 
            "order": 3, 
            "giveup_offset": 86400
        }
    }, 
    {
        "pk": 328, 
        "model": "script.scriptstep", 
        "fields": {
            "script": "edtrac_head_teachers_termly", 
            "retry_offset": 86400, 
            "rule": "R", 
            "email": null, 
            "num_tries": 1, 
            "start_offset": 60, 
            "message": "", 
            "poll": 326, 
            "order": 4, 
            "giveup_offset": 86400
        }
    }, 
    {
        "pk": 329, 
        "model": "script.scriptstep", 
        "fields": {
            "script": "edtrac_head_teachers_termly", 
            "retry_offset": 86400, 
            "rule": "R", 
            "email": null, 
            "num_tries": 1, 
            "start_offset": 60, 
            "message": "", 
            "poll": 327, 
            "order": 5, 
            "giveup_offset": 86400
        }
    }, 
    {
        "pk": 330, 
        "model": "script.scriptstep", 
        "fields": {
            "script": "edtrac_head_teachers_termly", 
            "retry_offset": 86400, 
            "rule": "R", 
            "email": null, 
            "num_tries": 1, 
            "start_offset": 60, 
            "message": "", 
            "poll": 328, 
            "order": 6, 
            "giveup_offset": 86400
        }
    }, 
    {
        "pk": 331, 
        "model": "script.scriptstep", 
        "fields": {
            "script": "edtrac_gem_monthly", 
            "retry_offset": 86400, 
            "rule": "R", 
            "email": null, 
            "num_tries": 1, 
            "start_offset": 60, 
            "message": "", 
            "poll": 329, 
            "order": 0, 
            "giveup_offset": 86400
        }
    }, 
    {
        "pk": 332, 
        "model": "script.scriptstep", 
        "fields": {
            "script": "edtrac_gem_monthly", 
            "retry_offset": 86400, 
            "rule": "R", 
            "email": null, 
            "num_tries": 1, 
            "start_offset": 60, 
            "message": "", 
            "poll": 330, 
            "order": 1, 
            "giveup_offset": 86400
        }
    }, 
    {
        "pk": 333, 
        "model": "script.scriptstep", 
        "fields": {
            "script": "edtrac_smc_weekly", 
            "retry_offset": 86400, 
            "rule": "R", 
            "email": null, 
            "num_tries": 1, 
            "start_offset": 60, 
            "message": "", 
            "poll": 331, 
            "order": 0, 
            "giveup_offset": 86400
        }
    }, 
    {
        "pk": 334, 
        "model": "script.scriptstep", 
        "fields": {
            "script": "edtrac_head_teachers_monthly", 
            "retry_offset": 86400, 
            "rule": "R", 
            "email": null, 
            "num_tries": 1, 
            "start_offset": 60, 
            "message": "", 
            "poll": 332, 
            "order": 0, 
            "giveup_offset": 86400
        }
    }, 
    {
        "pk": 335, 
        "model": "script.scriptstep", 
        "fields": {
            "script": "edtrac_head_teachers_monthly", 
            "retry_offset": 86400, 
            "rule": "R", 
            "email": null, 
            "num_tries": 1, 
            "start_offset": 60, 
            "message": "", 
            "poll": 333, 
            "order": 1, 
            "giveup_offset": 86400
        }
    }, 
    {
        "pk": 336, 
        "model": "script.scriptstep", 
        "fields": {
            "script": "edtrac_smc_monthly", 
            "retry_offset": 86400, 
            "rule": "R", 
            "email": null, 
            "num_tries": 1, 
            "start_offset": 60, 
            "message": "", 
            "poll": 334, 
            "order": 0, 
            "giveup_offset": 86400
        }
    }, 
    {
        "pk": 1, 
        "model": "script.email", 
        "fields": {
            "message": "{% load message_content %}{{ connection|excel_reminder_msg }}{{ connection|outstanding_deliveries_msg }}", 
            "sender": "no-reply@uganda.rapidsms.org", 
            "recipients": [
                1
            ], 
            "subject": "{% load message_content %}SupplyTracking: {{ connection|email_subject }}"
        }
    }, 
    {
        "pk": 305, 
        "model": "poll.poll", 
        "fields": {
            "default_response": "", 
            "name": "edtrac_role", 
            "end_date": null, 
            "contacts": [], 
            "messages": [], 
            "question": "Thank you for participating in EdTrac. What is your role? Choose ONE: Teacher, Head Teacher, SMC, GEM", 
            "sites": [
                5
            ], 
            "user": 1, 
            "type": "t", 
            "start_date": null, 
            "response_type": "a"
        }
    }, 
    {
        "pk": 306, 
        "model": "poll.poll", 
        "fields": {
            "default_response": "", 
            "name": "edtrac_gender", 
            "end_date": null, 
            "contacts": [], 
            "messages": [], 
            "question": "Are you female or male?", 
            "sites": [
                5
            ], 
            "user": 1, 
            "type": "t", 
            "start_date": null, 
            "response_type": "a"
        }
    }, 
    {
        "pk": 307, 
        "model": "poll.poll", 
        "fields": {
            "default_response": "", 
            "name": "edtrac_class", 
            "end_date": null, 
            "contacts": [], 
            "messages": [], 
            "question": "Which class do you teach? P3 or P6", 
            "sites": [
                5
            ], 
            "user": 1, 
            "type": "t", 
            "start_date": null, 
            "response_type": "a"
        }
    }, 
    {
        "pk": 308, 
        "model": "poll.poll", 
        "fields": {
            "default_response": "", 
            "name": "edtrac_district", 
            "end_date": null, 
            "contacts": [], 
            "messages": [], 
            "question": "What is the name of your district?", 
            "sites": [
                5
            ], 
            "user": 1, 
            "type": "district", 
            "start_date": null, 
            "response_type": "a"
        }
    }, 
    {
        "pk": 309, 
        "model": "poll.poll", 
        "fields": {
            "default_response": "", 
            "name": "edtrac_subcounty", 
            "end_date": null, 
            "contacts": [], 
            "messages": [], 
            "question": "What is the name of your sub county?", 
            "sites": [
                5
            ], 
            "user": 1, 
            "type": "t", 
            "start_date": null, 
            "response_type": "a"
        }
    }, 
    {
        "pk": 310, 
        "model": "poll.poll", 
        "fields": {
            "default_response": "", 
            "name": "edtrac_school", 
            "end_date": null, 
            "contacts": [], 
            "messages": [], 
            "question": "What is the name of your school?", 
            "sites": [
                5
            ], 
            "user": 1, 
            "type": "t", 
            "start_date": null, 
            "response_type": "a"
        }
    }, 
    {
        "pk": 311, 
        "model": "poll.poll", 
        "fields": {
            "default_response": "", 
            "name": "edtrac_name", 
            "end_date": null, 
            "contacts": [], 
            "messages": [], 
            "question": "What is your name?", 
            "sites": [
                5
            ], 
            "user": 1, 
            "type": "t", 
            "start_date": null, 
            "response_type": "a"
        }
    }, 
    {
        "pk": 312, 
        "model": "poll.poll", 
        "fields": {
            "default_response": "", 
            "name": "edtrac_f_teachers_attendance", 
            "end_date": null, 
            "contacts": [], 
            "messages": [], 
            "question": "How many female teachers are at school today?", 
            "sites": [
                5
            ], 
            "user": 1, 
            "type": "n", 
            "start_date": null, 
            "response_type": "a"
        }
    }, 
    {
        "pk": 313, 
        "model": "poll.poll", 
        "fields": {
            "default_response": "", 
            "name": "edtrac_m_teachers_attendance", 
            "end_date": null, 
            "contacts": [], 
            "messages": [], 
            "question": "How many male teachers are at school today?", 
            "sites": [
                5
            ], 
            "user": 1, 
            "type": "n", 
            "start_date": null, 
            "response_type": "a"
        }
    }, 
    {
        "pk": 314, 
        "model": "poll.poll", 
        "fields": {
            "default_response": "", 
            "name": "edtrac_smc_upe_grant", 
            "end_date": null, 
            "contacts": [], 
            "messages": [], 
            "question": "Has UPE capitation grant been displayed on the school notice board? Answer YES or NO", 
            "sites": [
                5
            ], 
            "user": 1, 
            "type": "t", 
            "start_date": null, 
            "response_type": "a"
        }
    }, 
    {
        "pk": 315, 
        "model": "poll.poll", 
        "fields": {
            "default_response": "", 
            "name": "edtrac_smc_meetings", 
            "end_date": null, 
            "contacts": [], 
            "messages": [], 
            "question": "How many SMC meetings have you held this term? Give number of meetings held, if none, reploy 0.", 
            "sites": [
                5
            ], 
            "user": 1, 
            "type": "n", 
            "start_date": null, 
            "response_type": "a"
        }
    }, 
    {
        "pk": 316, 
        "model": "poll.poll", 
        "fields": {
            "default_response": "", 
            "name": "edtrac_p3curriculum_progress", 
            "end_date": null, 
            "contacts": [], 
            "messages": [], 
            "question": "What sub theme number of the P3 Literacy curriculum are you teaching this week? ", 
            "sites": [
                5
            ], 
            "user": 1, 
            "type": "t", 
            "start_date": null, 
            "response_type": "a"
        }
    }, 
    {
        "pk": 317, 
        "model": "poll.poll", 
        "fields": {
            "default_response": "", 
            "name": "edtrac_boysp3_attendance", 
            "end_date": null, 
            "contacts": [], 
            "messages": [], 
            "question": "How many P3 boys are at school today?", 
            "sites": [
                5
            ], 
            "user": 1, 
            "type": "n", 
            "start_date": null, 
            "response_type": "a"
        }
    }, 
    {
        "pk": 318, 
        "model": "poll.poll", 
        "fields": {
            "default_response": "", 
            "name": "edtrac_boysp6_attendance", 
            "end_date": null, 
            "contacts": [], 
            "messages": [], 
            "question": "How many P6 boys are at school today?", 
            "sites": [
                5
            ], 
            "user": 1, 
            "type": "n", 
            "start_date": null, 
            "response_type": "a"
        }
    }, 
    {
        "pk": 319, 
        "model": "poll.poll", 
        "fields": {
            "default_response": "", 
            "name": "edtrac_girlsp3_attendance", 
            "end_date": null, 
            "contacts": [], 
            "messages": [], 
            "question": "How many P3 girls are at school today?", 
            "sites": [
                5
            ], 
            "user": 1, 
            "type": "n", 
            "start_date": null, 
            "response_type": "a"
        }
    }, 
    {
        "pk": 320, 
        "model": "poll.poll", 
        "fields": {
            "default_response": "", 
            "name": "edtrac_girlsp6_attendance", 
            "end_date": null, 
            "contacts": [], 
            "messages": [], 
            "question": "How many P6 girls are at school today?", 
            "sites": [
                5
            ], 
            "user": 1, 
            "type": "n", 
            "start_date": null, 
            "response_type": "a"
        }
    }, 
    {
        "pk": 322, 
        "model": "poll.poll", 
        "fields": {
            "default_response": "", 
            "name": "edtrac_boysp3_enrollment", 
            "end_date": null, 
            "contacts": [], 
            "messages": [], 
            "question": "How many boys are enrolled in P3 this term?", 
            "sites": [
                5
            ], 
            "user": 1, 
            "type": "n", 
            "start_date": null, 
            "response_type": "a"
        }
    }, 
    {
        "pk": 323, 
        "model": "poll.poll", 
        "fields": {
            "default_response": "", 
            "name": "edtrac_boysp6_enrollment", 
            "end_date": null, 
            "contacts": [], 
            "messages": [], 
            "question": "How many boys are enrolled in P6 this term?", 
            "sites": [
                5
            ], 
            "user": 1, 
            "type": "n", 
            "start_date": null, 
            "response_type": "a"
        }
    }, 
    {
        "pk": 324, 
        "model": "poll.poll", 
        "fields": {
            "default_response": "", 
            "name": "edtrac_girlsp3_enrollment", 
            "end_date": null, 
            "contacts": [], 
            "messages": [], 
            "question": "How many girls are enrolled in P3 this term?", 
            "sites": [
                5
            ], 
            "user": 1, 
            "type": "n", 
            "start_date": null, 
            "response_type": "a"
        }
    }, 
    {
        "pk": 325, 
        "model": "poll.poll", 
        "fields": {
            "default_response": "", 
            "name": "edtrac_girlsp6_enrollment", 
            "end_date": null, 
            "contacts": [], 
            "messages": [], 
            "question": "How many girls are enrolled in P6 this term?", 
            "sites": [
                5
            ], 
            "user": 1, 
            "type": "n", 
            "start_date": null, 
            "response_type": "a"
        }
    }, 
    {
        "pk": 326, 
        "model": "poll.poll", 
        "fields": {
            "default_response": "", 
            "name": "edtrac_f_teachers_deployment", 
            "end_date": null, 
            "contacts": [], 
            "messages": [], 
            "question": "How many female teachers are deployed in your school this term?", 
            "sites": [
                5
            ], 
            "user": 1, 
            "type": "n", 
            "start_date": null, 
            "response_type": "a"
        }
    }, 
    {
        "pk": 327, 
        "model": "poll.poll", 
        "fields": {
            "default_response": "", 
            "name": "edtrac_m_teachers_deployment", 
            "end_date": null, 
            "contacts": [], 
            "messages": [], 
            "question": "How many male teachers are deployed in your school this term?", 
            "sites": [
                5
            ], 
            "user": 1, 
            "type": "n", 
            "start_date": null, 
            "response_type": "a"
        }
    }, 
    {
        "pk": 328, 
        "model": "poll.poll", 
        "fields": {
            "default_response": "", 
            "name": "edtrac_upe_grant", 
            "end_date": null, 
            "contacts": [], 
            "messages": [], 
            "question": "Has the UPE grant been displayed on the school notice board? Answer YES or NO", 
            "sites": [
                5
            ], 
            "user": 1, 
            "type": "t", 
            "start_date": null, 
            "response_type": "a"
        }
    }, 
    {
        "pk": 329, 
        "model": "poll.poll", 
        "fields": {
            "default_response": "", 
            "name": "edtrac_gem_headteacher_present", 
            "end_date": null, 
            "contacts": [], 
            "messages": [], 
            "question": "Name the schools where the Head teacher was present at your last visit? Separate schools with a comma e.g St Peters PS, St John PS", 
            "sites": [
                5
            ], 
            "user": 1, 
            "type": "t", 
            "start_date": null, 
            "response_type": "a"
        }
    }, 
    {
        "pk": 330, 
        "model": "poll.poll", 
        "fields": {
            "default_response": "", 
            "name": "edtrac_gem_headteacher_absent", 
            "end_date": null, 
            "contacts": [], 
            "messages": [], 
            "question": "Name the schools where the Head teacher was absent at your last visit? Separate schools with a comma e.g St Peters PS, St John PS", 
            "sites": [
                5
            ], 
            "user": 1, 
            "type": "t", 
            "start_date": null, 
            "response_type": "a"
        }
    }, 
    {
        "pk": 331, 
        "model": "poll.poll", 
        "fields": {
            "default_response": "", 
            "name": "edtrac_head_teachers_attendance", 
            "end_date": null, 
            "contacts": [], 
            "messages": [], 
            "question": "Has the head teacher been at school for at least 3 days? Answer YES or NO", 
            "sites": [
                5
            ], 
            "user": 1, 
            "type": "t", 
            "start_date": null, 
            "response_type": "a"
        }
    }, 
    {
        "pk": 332, 
        "model": "poll.poll", 
        "fields": {
            "default_response": "", 
            "name": "edtrac_headteachers_abuse", 
            "end_date": null, 
            "contacts": [], 
            "messages": [], 
            "question": "How many abuse cases were recorded in the record book this month?", 
            "sites": [
                5
            ], 
            "user": 1, 
            "type": "n", 
            "start_date": null, 
            "response_type": "a"
        }
    }, 
    {
        "pk": 333, 
        "model": "poll.poll", 
        "fields": {
            "default_response": "", 
            "name": "edtrac_headteachers_meals", 
            "end_date": null, 
            "contacts": [], 
            "messages": [], 
            "question": "How many children do you think had lunch today? Reply with ONE of the following; 0%, 25%, 50%, 75% or 100%", 
            "sites": [
                5
            ], 
            "user": 1, 
            "type": "t", 
            "start_date": null, 
            "response_type": "a"
        }
    }, 
    {
        "pk": 334, 
        "model": "poll.poll", 
        "fields": {
            "default_response": "", 
            "name": "edtrac_smc_meals", 
            "end_date": null, 
            "contacts": [], 
            "messages": [], 
            "question": "How many children do you think had lunch today? Reply with ONE of the following; 0%, 25%, 50%, 75% or 100%", 
            "sites": [
                5
            ], 
            "user": 1, 
            "type": "t", 
            "start_date": null, 
            "response_type": "a"
        }
    }, 
    {
        "pk": 204, 
        "model": "poll.category", 
        "fields": {
            "error_category": false, 
            "name": "no", 
            "color": "", 
            "priority": null, 
            "default": false, 
            "poll": 331, 
            "response": null
        }
    }, 
    {
        "pk": 201, 
        "model": "poll.category", 
        "fields": {
            "error_category": false, 
            "name": "no", 
            "color": "", 
            "priority": null, 
            "default": false, 
            "poll": 328, 
            "response": null
        }
    }, 
    {
        "pk": 198, 
        "model": "poll.category", 
        "fields": {
            "error_category": false, 
            "name": "no", 
            "color": "", 
            "priority": null, 
            "default": false, 
            "poll": 314, 
            "response": null
        }
    }, 
    {
        "pk": 205, 
        "model": "poll.category", 
        "fields": {
            "error_category": true, 
            "name": "unknown", 
            "color": "", 
            "priority": null, 
            "default": true, 
            "poll": 331, 
            "response": null
        }
    }, 
    {
        "pk": 199, 
        "model": "poll.category", 
        "fields": {
            "error_category": true, 
            "name": "unknown", 
            "color": "", 
            "priority": null, 
            "default": true, 
            "poll": 314, 
            "response": null
        }
    }, 
    {
        "pk": 202, 
        "model": "poll.category", 
        "fields": {
            "error_category": true, 
            "name": "unknown", 
            "color": "", 
            "priority": null, 
            "default": true, 
            "poll": 328, 
            "response": null
        }
    }, 
    {
        "pk": 203, 
        "model": "poll.category", 
        "fields": {
            "error_category": false, 
            "name": "yes", 
            "color": "", 
            "priority": null, 
            "default": false, 
            "poll": 331, 
            "response": null
        }
    }, 
    {
        "pk": 200, 
        "model": "poll.category", 
        "fields": {
            "error_category": false, 
            "name": "yes", 
            "color": "", 
            "priority": null, 
            "default": false, 
            "poll": 328, 
            "response": null
        }
    }, 
    {
        "pk": 197, 
        "model": "poll.category", 
        "fields": {
            "error_category": false, 
            "name": "yes", 
            "color": "", 
            "priority": null, 
            "default": false, 
            "poll": 314, 
            "response": null
        }
    }, 
    {
        "pk": 118, 
        "model": "poll.rule", 
        "fields": {
            "regex": "^\\s*(yes|yeah|yep|yay|y)(\\s|[^a-zA-Z]|$)", 
            "category": 197, 
            "rule_string": "^\\s*(yes|yeah|yep|yay|y)(\\s|[^a-zA-Z]|$)", 
            "rule_type": "r"
        }
    }, 
    {
        "pk": 119, 
        "model": "poll.rule", 
        "fields": {
            "regex": "^\\s*(no|nope|nah|nay|n)(\\s|[^a-zA-Z]|$)", 
            "category": 198, 
            "rule_string": "^\\s*(no|nope|nah|nay|n)(\\s|[^a-zA-Z]|$)", 
            "rule_type": "r"
        }
    }, 
    {
        "pk": 120, 
        "model": "poll.rule", 
        "fields": {
            "regex": "^\\s*(yes|yeah|yep|yay|y)(\\s|[^a-zA-Z]|$)", 
            "category": 200, 
            "rule_string": "^\\s*(yes|yeah|yep|yay|y)(\\s|[^a-zA-Z]|$)", 
            "rule_type": "r"
        }
    }, 
    {
        "pk": 121, 
        "model": "poll.rule", 
        "fields": {
            "regex": "^\\s*(no|nope|nah|nay|n)(\\s|[^a-zA-Z]|$)", 
            "category": 201, 
            "rule_string": "^\\s*(no|nope|nah|nay|n)(\\s|[^a-zA-Z]|$)", 
            "rule_type": "r"
        }
    }, 
    {
        "pk": 122, 
        "model": "poll.rule", 
        "fields": {
            "regex": "^\\s*(yes|yeah|yep|yay|y)(\\s|[^a-zA-Z]|$)", 
            "category": 203, 
            "rule_string": "^\\s*(yes|yeah|yep|yay|y)(\\s|[^a-zA-Z]|$)", 
            "rule_type": "r"
        }
    }, 
    {
        "pk": 123, 
        "model": "poll.rule", 
        "fields": {
            "regex": "^\\s*(no|nope|nah|nay|n)(\\s|[^a-zA-Z]|$)", 
            "category": 204, 
            "rule_string": "^\\s*(no|nope|nah|nay|n)(\\s|[^a-zA-Z]|$)", 
            "rule_type": "r"
        }
    }
]